_step,_runtime,_timestamp,actor/entropy,actor/grad_norm,actor/kl_coef,actor/kl_loss,actor/lr,actor/pg_clipfrac,actor/pg_clipfrac_lower,actor/pg_loss,actor/ppo_kl,critic/advantages/max,critic/advantages/mean,critic/advantages/min,critic/returns/max,critic/returns/mean,critic/returns/min,critic/rewards/max,critic/rewards/mean,critic/rewards/min,critic/score/max,critic/score/mean,critic/score/min,global_seqlen/balanced_max,global_seqlen/balanced_min,global_seqlen/max,global_seqlen/mean,global_seqlen/min,global_seqlen/minmax_diff,perf/cpu_memory_used_gb,perf/max_memory_allocated_gb,perf/max_memory_reserved_gb,perf/mfu/actor,perf/throughput,perf/time_per_step,perf/total_num_tokens,prompt_length/clip_ratio,prompt_length/max,prompt_length/mean,prompt_length/min,response/aborted_ratio,response_length/clip_ratio,response_length/max,response_length/mean,response_length/min,response_length_non_aborted/clip_ratio,response_length_non_aborted/max,response_length_non_aborted/mean,response_length_non_aborted/min,timing_per_token_ms/adv,timing_per_token_ms/gen,timing_per_token_ms/ref,timing_per_token_ms/update_actor,timing_s/adv,timing_s/gen,timing_s/generate_sequences,timing_s/generation_timing/max,timing_s/generation_timing/min,timing_s/generation_timing/topk_ratio,timing_s/old_log_prob,timing_s/ref,timing_s/reward,timing_s/save_checkpoint,timing_s/start_profile,timing_s/step,timing_s/stop_profile,timing_s/testing,timing_s/update_actor,training/epoch,training/global_step,val-core/amazon_test/reward/mean@1
0,2567.126742606,1784257492.7245452,,,,,,,,,,,,,,,,,,,,,,,,,,,,,,,,,,,,,,,,,,,,,,,,,,,,,,,,,,,,,,,,,,,,,-0.038084499978402166
1,3250.498070817,1784258193.4281197,0.3392287790775299,0.38662293553352356,0.001,0,0,0,0,0.0004265689058229327,0,2.4748666286468506,-0.02261168509721756,-2.4748597145080566,2.4748666286468506,-0.02261168509721756,-2.4748597145080566,1,-0.032455358654260635,-0.5,1,-0.032455358654260635,-0.5,1143097,1143097,1143097,1143097.0,1143097,0,140.39569091796875,40.030625343322754,47.4453125,0.3270765428502463,1631.7863944254318,700.5187712712213,1143097,0,693,631.9821166992188,593,0,0.6785714030265808,2048,1919.5736083984375,290,0.6785714030265808,2048,1919.5736083984375,290,6.06836016340023e-06,0.4913719541828221,0.012479685960555624,0.04389016430349779,0.0069367242977023125,422.56464806664735,403.3756103515625,403.3756103515625,403.3756103515625,0,16.23128191102296,14.26549158245325,197.26809315010905,,0.00014121457934379578,700.5187712712213,3.1103380024433136e-05,,50.17071514483541,0,1,
2,3948.283587842,1784258876.7995658,0.32657530903816223,0.3854447305202484,0.001,0,2.1881838074398247e-09,0,0,0.0002041259061542758,0,2.4748666286468506,-0.010633988305926323,-2.4748597145080566,2.4748666286468506,-0.010633988305926323,-2.4748597145080566,1,-0.01717578060925007,-0.5,1,-0.01717578060925007,-0.5,1152834,1152834,1152834,1152834.0,1152834,0,168.559326171875,53.085392475128174,57.171875,0.3325798035241496,1687.0207134362047,683.3549765087664,1152834,0,708,639.4285888671875,603,0,0.7008928656578064,2048,1933.861572265625,567,0.7008928656578064,2048,1933.861572265625,567,5.4865205772718666e-06,0.49765632973752616,0.011087991518791149,0.04275820143447091,0.006325047463178635,431.1545143947005,411.7774963378906,411.7774963378906,411.7774963378906,0,13.377429732121527,12.782613614574075,176.73042203765363,,3.5200268030166626e-05,683.3549765087664,3.068801015615463e-05,,49.29310839250684,0,2,
3,4649.139010492,1784259574.5849507,0.32775816321372986,0.3770257234573364,0.001,1.9320270606543515e-05,4.3763676148796494e-09,0,0,0.00026389324564809856,0,2.4748666286468506,-0.015469897538423538,-2.4748597145080566,2.4748666286468506,-0.015469897538423538,-2.4748597145080566,1,-0.010475446470081806,-0.5,1,-0.010475446470081806,-0.5,1131720,1131720,1131720,1131720.0,1131720,0,167.94989013671875,53.085392475128174,57.19140625,0.33124562236267224,1621.9030964277856,697.7728832829744,1131720,0,690,631.7678833007812,595,0,0.640625,2048,1894.392822265625,453,0.640625,2048,1894.392822265625,453,5.7204463923212974e-06,0.4969189480153079,0.011096902485621271,0.04285417395082226,0.006473943591117859,421.72914815321565,402.1885681152344,402.1885681152344,402.1885681152344,0,13.15319122839719,12.558586481027305,201.81619616691023,,2.815946936607361e-05,697.7728832829744,3.0496157705783844e-05,,48.49892574362457,0,3,
4,5342.075049166,1784260275.4405017,0.3302968442440033,0.35171547532081604,0.001,2.214639997483963e-05,6.564551422319474e-09,0,0,0.0003403448402850143,0,2.4748666286468506,-0.016432607546448708,-2.4748597145080566,2.4748666286468506,-0.016432607546448708,-2.4748597145080566,1,-0.02013113908469677,-0.5,1,-0.02013113908469677,-0.5,1155594,1155594,1155594,1155594.0,1155594,0,168.44561767578125,53.40025758743286,57.484375,0.32978572199434064,1648.8801069479052,700.835673334077,1155594,0,729,640.7678833007812,601,0,0.6964285969734192,2048,1938.6829833984375,802,0.6964285969734192,2048,1938.6829833984375,802,7.82207433498125e-06,0.5077966675284558,0.011082174932586389,0.04311775912538778,0.009039142169058323,441.03663964848965,421.3739318847656,421.3739318847656,421.3739318847656,0,13.411520605906844,12.806494859047234,183.73435006663203,,4.867091774940491e-05,700.835673334077,3.017578274011612e-05,,49.826623738743365,0,4,
5,6036.691223819,1784260968.376655,0.327065646648407,0.3539763391017914,0.001,2.386657062594836e-05,8.752735229759299e-09,0,0,0.000500408956213505,0,2.4748036861419678,-0.027355264872312546,-2.4748597145080566,2.4748036861419678,-0.027355264872312546,-2.4748597145080566,1,-0.025435268878936768,-0.5,1,-0.025435268878936768,-0.5,1135471,1135471,1135471,1135471.0,1135471,0,168.16461181640625,53.40025758743286,57.484375,0.32908532966627563,1638.6669577159482,692.9235953977332,1135471,0,689,643.6607055664062,596,0,0.6138392686843872,2048,1890.872802734375,559,0.6138392686843872,2048,1890.872802734375,559,8.045776127928817e-06,0.48788518414319687,0.01108207654211498,0.04313955282509646,0.009135745465755463,413.29290622472763,393.65057373046875,393.65057373046875,393.65057373046875,0,13.16276756580919,12.583376533351839,204.88109321892262,,2.6464462280273438e-05,692.9235953977332,3.017578274011612e-05,,48.983711185865104,0,5,
6,6721.090341776,1784261662.9924846,0.32813921570777893,0.37152954936027527,0.001,2.4620579190050936e-05,1.0940919037199124e-08,0,0,5.272855701243354e-05,0,2.4748666286468506,-0.002626570640131831,-2.4748597145080566,2.4748666286468506,-0.002626570640131831,-2.4748597145080566,1,-0.020625557750463486,-0.5,1,-0.020625557750463486,-0.5,1134022,1134022,1134022,1134022.0,1134022,0,168.371826171875,53.40025758743286,57.484375,0.3294849585996902,1632.6180270158527,694.6033801138401,1134022,0,696,636.8214111328125,597,0,0.625,2048,1894.4776611328125,574,0.625,2048,1894.4776611328125,574,5.651972898249952e-06,0.50145957406827,0.011081145363159161,0.04307688427583901,0.006409461610019207,425.60177846066654,406.2904357910156,406.2904357910156,406.2904357910156,0,13.151321017183363,12.566262627020478,194.41610609926283,,3.209523856639862e-05,694.6033801138401,3.1871721148490906e-05,,48.850134460255504,0,6,
7,7413.666652315,1784262347.3918362,0.33041778206825256,0.3245360255241394,0.001,2.4395438231294975e-05,1.3129102844638948e-08,0,0,0.00042113557779253934,0,2.4748666286468506,-0.02387258969247341,-2.4748597145080566,2.4748666286468506,-0.02387258969247341,-2.4748597145080566,1,-0.03129631653428078,-0.5,1,-0.03129631653428078,-0.5,1144718,1144718,1144718,1144718.0,1144718,0,168.52276611328125,53.40025758743286,57.484375,0.32952001082957416,1672.6189736746906,684.3865925334394,1144718,0,715,640.1071166992188,600,0,0.65625,2048,1915.0670166015625,355,0.65625,2048,1915.0670166015625,355,5.561452522530247e-06,0.48931943739430217,0.011082360132479747,0.04312128445361926,0.00636629480868578,419.8116113124415,400.3724670410156,400.3724670410156,400.3724670410156,0,13.280710272490978,12.686177126131952,189.22895578946918,,2.6687979698181152e-05,684.3865925334394,2.8896145522594452e-05,,49.36171049717814,0,7,
8,8113.347857363,1784263039.9681735,0.32256177067756653,0.33446016907691956,0.001,2.4496380783788555e-05,1.5317286652078775e-08,0,0,0.00016715615587674287,0,2.4748666286468506,-0.010327165946364403,-2.4748597145080566,2.4748666286468506,-0.010327165946364403,-2.4748597145080566,1,-0.023864954710006714,-0.5,1,-0.023864954710006714,-0.5,1144745,1144745,1144745,1144745.0,1144745,0,168.50982666015625,53.40025758743286,57.484375,0.3299516224942605,1652.9133971150052,692.5619950797409,1144745,0,766,640.6071166992188,597,0,0.6607142686843872,2048,1914.627197265625,732,0.6607142686843872,2048,1914.627197265625,732,5.587094223191211e-06,0.4967211320742614,0.011068768114284623,0.043055568529720006,0.006395798176527023,426.0640412000939,406.66510009765625,406.66510009765625,406.66510009765625,0,13.287534318864346,12.670916954986751,191.23417509160936,,3.6767683923244476e-05,692.5619950797409,3.075040876865387e-05,,49.28764679655433,0,8,
9,8796.376834584,1784263739.6493368,0.3255288004875183,0.3298186957836151,0.001,2.5100293395534745e-05,1.7505470459518598e-08,0,0,0.00040295865133253866,0,2.4748597145080566,-0.02267567068338394,-2.4748597145080566,2.4748597145080566,-0.02267567068338394,-2.4748597145080566,1,-0.010751674883067608,-0.5,1,-0.010751674883067608,-0.5,1120664,1120664,1120664,1120664.0,1120664,0,168.3507080078125,53.40025758743286,57.484375,0.32766013687763273,1601.7126911205758,699.6660551000386,1120664,0,682,632,598,0,0.5870535969734192,2048,1869.482177734375,565,0.5870535969734192,2048,1869.482177734375,565,5.900948668184401e-06,0.4943011559489345,0.011110466787534787,0.04327774507861742,0.006612980738282204,413.9910585395992,394.5382080078125,394.5382080078125,394.5382080078125,0,13.017707639373839,12.451100151985884,211.68949873466045,,3.935955464839935e-05,699.6660551000386,3.1167641282081604e-05,,48.49981091078371,0,9,
10,9490.191617699,1784264422.678313,0.3247222602367401,0.36031973361968994,0.001,2.4854744377971283e-05,1.9693654266958424e-08,0,0,0.0005045372195034324,0,2.4748666286468506,-0.026836751028895378,-2.4748597145080566,2.4748666286468506,-0.026836751028895378,-2.4748597145080566,1,-0.02644866146147251,-0.5,1,-0.02644866146147251,-0.5,1143540,1143540,1143540,1143540.0,1143540,0,168.7208251953125,53.40025758743286,57.484375,0.3290213663681925,1674.2589055140486,683.0126429274678,1143540,0,706,636.4821166992188,597,0,0.6808035969734192,2048,1916.0625,421,0.6808035969734192,2048,1916.0625,421,5.68664159999034e-06,0.4977381880981855,0.011082470161718124,0.04318735951574272,0.006502902135252953,427.25646971073,407.73431396484375,407.73431396484375,407.73431396484375,0,13.27262787334621,12.673247928731143,180.40638685878366,,3.990437835454941e-05,683.0126429274678,3.148801624774933e-05,,49.38647310063243,0,10,
11,10187.287219324,1784265116.4930716,0.3235689699649811,0.38283807039260864,0.001,2.523251157758843e-05,2.1881838074398247e-08,0,0,0.00032505265476267636,0,2.4748666286468506,-0.017335252836346626,-2.4748597145080566,2.4748666286468506,-0.017335252836346626,-2.4748597145080566,1,-0.012714286334812641,-0.5,1,-0.012714286334812641,-0.5,1127932,1127932,1127932,1127932.0,1127932,0,169.3245849609375,53.50163745880127,57.73828125,0.3292248057239408,1625.725535283953,693.8022289248183,1127932,0,727,634.6964111328125,597,0,0.5959821343421936,2048,1883.0089111328125,492,0.5959821343421936,2048,1883.0089111328125,492,5.630601345458078e-06,0.49071103706643254,0.011103923434837603,0.04309324851862482,0.006350935436785221,413.9579423367977,394.18206787109375,394.18206787109375,394.18206787109375,0,13.1035633450374,12.524470567703247,205.59304650872946,,2.6304274797439575e-05,693.8022289248183,3.1295232474803925e-05,,48.60625398810953,0,11,
12,10884.375435339,1784265813.5886192,0.3306145966053009,0.2833274006843567,0.001,2.443031442045158e-05,2.4070021881838074e-08,0,0,0.0004232189711896056,0,2.474682092666626,-0.022897813469171524,-2.4748597145080566,2.474682092666626,-0.022897813469171524,-2.4748597145080566,1,-0.024086495861411095,-0.5,1,-0.024086495861411095,-0.5,1138870,1138870,1138870,1138870.0,1138870,0,168.80950927734375,53.50163745880127,57.73828125,0.329550094972573,1633.7807569322324,697.0763948392123,1138870,0,712,637.8928833007812,601,0,0.6473214030265808,2048,1904.2276611328125,417,0.6473214030265808,2048,1904.2276611328125,417,5.633589364905225e-06,0.5025684885838684,0.0110800247591824,0.04309650807445568,0.006415925920009613,428.7381621999666,409.3764953613281,409.3764953613281,409.3764953613281,0,13.214783241972327,12.61870779749006,193.40594604332,,4.054419696331024e-05,697.0763948392123,3.136042505502701e-05,,49.081320150755346,0,12,
13,11579.227102028,1784266510.6769233,0.33060359954833984,0.30288735032081604,0.001,2.4677711531249045e-05,2.6258205689277897e-08,0,0,8.980337891128385e-05,0,2.4748666286468506,-0.005425279028713703,-2.4748597145080566,2.4748666286468506,-0.005425279028713703,-2.4748597145080566,1,-0.01929241232573986,-0.5,1,-0.01929241232573986,-0.5,1144766,1144766,1144766,1144766.0,1144766,0,168.89208984375,53.50163745880127,57.73828125,0.33192752434736295,1642.2405518368778,697.0757108144462,1144766,0,724,638.1428833007812,600,0,0.6473214030265808,2048,1917.138427734375,430,0.6473214030265808,2048,1917.138427734375,430,5.587187796691643e-06,0.4977634236487424,0.011075943086654027,0.04280073727677144,0.006396022625267506,427.51805377658457,408.0870361328125,408.0870361328125,408.0870361328125,0,13.267032249830663,12.679363063536584,194.59761462267488,,3.1327828764915466e-05,697.0757108144462,3.0623748898506165e-05,,48.99682880938053,0,13,
14,12287.937974901,1784267205.528355,0.32215210795402527,0.3784138858318329,0.001,2.4452085310666896e-05,2.8446389496717723e-08,0,0,0.000630152089760653,0,2.4748647212982178,-0.03333044424653053,-2.4748597145080566,2.4748647212982178,-0.03333044424653053,-2.4748597145080566,1,-0.017794642597436905,-0.5,1,-0.017794642597436905,-0.5,1134067,1134067,1134067,1134067.0,1134067,0,168.7064208984375,53.50163745880127,57.73828125,0.3294589706306924,1632.1293740489393,694.8389129145071,1134067,0,712,641.6071166992188,597,0,0.6629464030265808,2048,1889.7923583984375,369,0.6629464030265808,2048,1889.7923583984375,369,5.607843549995317e-06,0.49667657163549567,0.011087372616232646,0.04309612111789999,0.00635967031121254,420.4997958140448,400.96856689453125,400.96856689453125,400.96856689453125,0,13.174398139119148,12.573823400773108,199.70036598481238,,3.257580101490021e-05,694.8389129145071,3.0335038900375366e-05,,48.873888787813485,0,14,
15,13010.581691704,1784267914.2394357,0.32607120275497437,0.3479135036468506,0.001,2.449201261066375e-05,3.063457330415755e-08,0,0,0.00014390518191824097,0,2.4748666286468506,-0.008733212947845459,-2.4748597145080566,2.4748666286468506,-0.008733212947845459,-2.4748597145080566,1,-0.012593192979693413,-0.5,1,-0.012593192979693413,-0.5,1119850,1119850,1119850,1119850.0,1119850,0,168.86627197265625,53.50163745880127,57.73828125,0.32894272682428366,1580.1504737625403,708.6983287949115,1119850,0,706,629.7678833007812,595,0,0.6004464030265808,2048,1869.8973388671875,520,0.6004464030265808,2048,1869.8973388671875,520,8.376695383029915e-06,0.487695230979406,0.011092235075200345,0.0431035373082314,0.00938064232468605,408.5491227246821,389.18255615234375,389.18255615234375,389.18255615234375,0,13.014572443440557,12.421639448963106,226.42364915646613,,2.7392059564590454e-05,708.6983287949115,2.7744099497795105e-05,,48.269496254622936,0,15,
16,13702.799480413,1784268636.8831773,0.32938364148139954,0.37195056676864624,0.001,2.5157434349090847e-05,3.282275711159737e-08,0,0,0.00033991636155406013,0,2.4748666286468506,-0.01881619356572628,-2.4748597145080566,2.4748666286468506,-0.01881619356572628,-2.4748597145080566,1,-0.017281249165534973,-0.5,1,-0.017281249165534973,-0.5,1139921,1139921,1139921,1139921.0,1139921,0,169.02813720703125,53.50163745880127,57.73828125,0.3295658902100701,1577.4628384660725,722.6293844794855,1139921,0,692,634.6071166992188,597,0,0.65625,2048,1909.859375,408,0.65625,2048,1909.859375,408,5.7058735670327575e-06,0.5040141984091067,0.011085034039842762,0.04309374448558083,0.006504245102405548,431.2431164002046,411.62591552734375,411.62591552734375,411.62591552734375,0,13.226095522753894,12.6360630877316,216.3835585527122,,3.625638782978058e-05,722.6293844794855,2.985633909702301e-05,,49.12346430774778,0,16,
17,14422.33809738,1784269329.100958,0.3261474072933197,0.3500789403915405,0.001,2.4797568046927398e-05,3.5010940919037196e-08,0,0,0.00030446207187642167,0,2.4748666286468506,-0.016352327540516853,-2.4748597145080566,2.4748666286468506,-0.016352327540516853,-2.4748597145080566,1,-0.025661829859018326,-0.5,1,-0.025661829859018326,-0.5,1141573,1141573,1141573,1141573.0,1141573,0,169.4061279296875,53.50163745880127,57.73828125,0.32959667260272946,1649.187190301576,692.2034119069576,1141573,0,712,637.1428833007812,597,0,0.6696428656578064,2048,1911.0111083984375,441,0.6696428656578064,2048,1911.0111083984375,441,5.577053172251181e-06,0.5018519819338694,0.011093367967971295,0.043105591969502505,0.006366613321006298,429.65204284898937,410.2077941894531,410.2077941894531,410.2077941894531,0,13.249846990220249,12.663889351300895,187.41268776450306,,3.4368596971035004e-05,692.2034119069576,2.9375776648521423e-05,,49.208179941400886,0,17,
18,15100.742884007,1784270048.6396616,0.3281814455986023,0.3788832426071167,0.001,2.517081234795374e-05,3.7199124726477025e-08,0,0,0.0003058062618353632,0,2.4748666286468506,-0.01695641316473484,-2.4748597145080566,2.4748666286468506,-0.01695641316473484,-2.4748597145080566,1,-0.02766629494726658,-0.5,1,-0.02766629494726658,-0.5,1152561,1152561,1152561,1152561.0,1152561,0,169.48486328125,53.50163745880127,57.73828125,0.33001651598450354,1601.8418443871005,719.522344879806,1152561,0,700,639.6785888671875,596,0,0.7008928656578064,2048,1933.002197265625,627,0.7008928656578064,2048,1933.002197265625,627,5.514167290969022e-06,0.5257381667687061,0.011082901344497624,0.043077837805068166,0.006355414167046547,455.2813663491979,435.7232666015625,435.7232666015625,435.7232666015625,0,13.397880329750478,12.773719856515527,188.40261876676232,,3.90075147151947e-05,719.522344879806,3.0462630093097687e-05,,49.64983581844717,0,18,
19,15777.381948804,1784270727.0443332,0.32789576053619385,0.36967626214027405,0.001,2.4905857015032867e-05,3.938730853391685e-08,0,0,0.00016994026172680458,0,2.4748666286468506,-0.010488545522093773,-2.4748597145080566,2.4748666286468506,-0.010488545522093773,-2.4748597145080566,1,-0.024541854858398438,-0.5,1,-0.024541854858398438,-0.5,1147706,1147706,1147706,1147706.0,1147706,0,169.787353515625,53.59041213989258,57.73828125,0.32942755594811546,1691.803212766774,678.3921388369054,1147706,0,728,640.5357055664062,597,0,0.6897321343421936,2048,1921.3079833984375,662,0.6897321343421936,2048,1921.3079833984375,662,5.670571737568973e-06,0.494849901132584,0.011074260977894698,0.04313942156825628,0.006508149206638336,425.94007300026715,406.4680480957031,406.4680480957031,406.4680480957031,0,13.312607128173113,12.709995769895613,176.90113017428666,,2.707168459892273e-05,678.3921388369054,3.203190863132477e-05,,49.51137297041714,0,19,
20,16502.166826105,1784271403.683237,0.33148255944252014,0.3460330069065094,0.001,2.4607589898086914e-05,4.157549234135667e-08,0,0,0.0005374287192891494,0,2.4748666286468506,-0.029469439759850502,-2.4748597145080566,2.4748666286468506,-0.029469439759850502,-2.4748597145080566,1,-0.018294643610715866,-0.5,1,-0.018294643610715866,-0.5,1132895,1132895,1132895,1132895.0,1132895,0,169.31719970703125,53.59041213989258,57.73828125,0.3291258420509121,1674.3451681518086,676.6197445718572,1132895,0,695,632.4821166992188,595,0,0.6741071343421936,2048,1896.3013916015625,450,0.6741071343421936,2048,1896.3013916015625,450,5.792583984732867e-06,0.4974033737196127,0.01108590480502655,0.04312722133697522,0.006562389433383942,422.5655543198809,403.3071594238281,403.3071594238281,403.3071594238281,0,13.167132998816669,12.559166124090552,179.45202067121863,,4.0063634514808655e-05,676.6197445718572,3.062281757593155e-05,,48.858613416552544,0,20,
21,17184.335455274,1784272128.4683735,0.32858654856681824,0.3829904794692993,0.001,2.4839276620139345e-05,4.3763676148796494e-08,0,0,0.0004656687004691256,0,2.4748666286468506,-0.02609466388821602,-2.4748597145080566,2.4748666286468506,-0.02609466388821602,-2.4748597145080566,1,-0.028325336053967476,-0.5,1,-0.028325336053967476,-0.5,1138551,1138551,1138551,1138551.0,1138551,0,169.4910888671875,53.59041213989258,57.73828125,0.329238030274586,1570.908305279203,724.7724110782146,1138551,0,743,637.9642944335938,598,0,0.6450892686843872,2048,1903.4442138671875,492,0.6450892686843872,2048,1903.4442138671875,492,5.742054454156747e-06,0.5019976976708097,0.011073678476810365,0.043132299255773186,0.006537621840834618,428.0750227048993,408.6058349609375,408.6058349609375,408.6058349609375,0,13.226895938627422,12.607947703450918,221.73708303365856,,2.7744099497795105e-05,724.7724110782146,3.0271708965301514e-05,,49.108322449959815,0,21,
22,17897.965490949,1784272810.636984,0.32812049984931946,0.365040123462677,0.001,2.5011367458263312e-05,4.5951859956236324e-08,0,0,0.0004192037494230673,0,2.4748458862304688,-0.023362362757325172,-2.4748597145080566,2.4748458862304688,-0.023362362757325172,-2.4748597145080566,1,-0.02922488935291767,-0.5,1,-0.02922488935291767,-0.5,1140300,1140300,1140300,1140300.0,1140300,0,169.21759033203125,53.59041213989258,57.73828125,0.32941750754070287,1671.6116692758997,682.1560419555753,1140300,0,724,636.7142944335938,594,0,0.6517857313156128,2048,1908.5982666015625,559,0.6517857313156128,2048,1908.5982666015625,559,5.654418468736697e-06,0.49689969145173923,0.01109588866847409,0.04311537852775922,0.0064477333799004555,424.87507497519255,405.3041687011719,405.3041687011719,405.3041687011719,0,13.218498560599983,12.652641848661005,182.22758381813765,,2.7039088308811188e-05,682.1560419555753,2.9727816581726074e-05,,49.16446613520384,0,22,
23,18601.420795395,1784273524.267023,0.32926586270332336,0.3639236092567444,0.001,2.7140796544476958e-05,4.814004376367615e-08,0,0,0.0004990320409646932,0,2.4748666286468506,-0.027395149692893028,-2.4748597145080566,2.4748666286468506,-0.027395149692893028,-2.4748597145080566,1,-0.03235268220305443,-0.5,1,-0.03235268220305443,-0.5,1134023,1134023,1134023,1134023.0,1134023,0,169.62286376953125,53.59041213989258,57.73828125,0.32884302977893887,1589.118849700498,713.6174869574606,1134023,0,722,638.0892944335938,601,0,0.6450892686843872,2048,1893.2120361328125,282,0.6450892686843872,2048,1893.2120361328125,282,8.051705918361727e-06,0.49891606465900057,0.01108646226353785,0.043175083187153185,0.009130819700658321,423.16015048511326,403.6180114746094,403.6180114746094,403.6180114746094,0,13.147235816344619,12.572303195483983,215.7564706588164,,3.0110590159893036e-05,713.6174869574606,2.9535964131355286e-05,,48.96153736114502,0,23,
24,19313.605767493,1784274227.7221906,0.3233119249343872,0.2952357530593872,0.001,2.715525435484537e-05,5.032822757111598e-08,0,0,0.0001752324909718983,0,2.4748647212982178,-0.00982234813272953,-2.4748597145080566,2.4748647212982178,-0.00982234813272953,-2.4748597145080566,1,-0.01515178568661213,-0.5,1,-0.01515178568661213,-0.5,1140586,1140586,1140586,1140586.0,1140586,0,169.1898193359375,53.59041213989258,57.73828125,0.32965254812293593,1621.4385831331333,703.440766653046,1140586,0,699,635.2321166992188,603,0,0.6674107313156128,2048,1910.71875,470,0.6674107313156128,2048,1910.71875,470,5.710599468726081e-06,0.5016740187635368,0.011090245236555033,0.04308819345760183,0.006513429805636406,429.433963409625,409.73577880859375,409.73577880859375,409.73577880859375,0,13.244202349334955,12.64937845338136,198.9504732582718,,4.0288083255290985e-05,703.440766653046,3.606453537940979e-05,,49.145790223032236,0,24,
25,20018.104202445,1784274939.9072766,0.3229493498802185,0.3096451759338379,0.001,2.7280874876721226e-05,5.251641137855579e-08,0,0,0.00034386263898192494,0,2.4748666286468506,-0.018440641462802887,-2.4748597145080566,2.4748666286468506,-0.018440641462802887,-2.4748597145080566,1,-0.018404018133878708,-0.5,1,-0.018404018133878708,-0.5,1135773,1135773,1135773,1135773.0,1135773,0,169.310546875,53.59041213989258,57.73828125,0.32964716893007134,1594.8044581863344,712.1706953914836,1135773,0,685,635.6785888671875,604,0,0.6272321343421936,2048,1899.529052734375,403,0.6272321343421936,2048,1899.529052734375,403,5.7957955489295196e-06,0.49962954074262383,0.011071060494415141,0.0430645618505835,0.0065827080979943275,425.1792432470247,405.656005859375,405.656005859375,405.656005859375,0,13.165817988105118,12.574211590923369,212.3226231439039,,3.600027412176132e-05,712.1706953914836,3.788713365793228e-05,,48.91156660672277,0,25,
26,20710.675753603,1784275644.4056249,0.33032140135765076,0.3556826710700989,0.001,2.765281577903435e-05,5.470459518599562e-08,0,0,0.000372984622704071,0,2.4748666286468506,-0.020287564024329185,-2.4748597145080566,2.4748666286468506,-0.020287564024329185,-2.4748597145080566,1,-0.024544086307287216,-0.5,1,-0.024544086307287216,-0.5,1142756,1142756,1142756,1142756.0,1142756,0,169.235595703125,53.59041213989258,57.73828125,0.32961666696192427,1622.121798120643,704.4822412990034,1142756,0,670,635.3214111328125,596,0,0.6808035969734192,2048,1915.4732666015625,362,0.6808035969734192,2048,1915.4732666015625,362,5.622468568896507e-06,0.5012526331764711,0.011104938088593409,0.04309818624159963,0.006425109691917896,430.1409246129915,410.720703125,410.720703125,410.720703125,0,13.267067808657885,12.69023463036865,199.11639547441155,,4.08003106713295e-05,704.4822412990034,2.998393028974533e-05,,49.25071091670543,0,26,
27,21396.0562316,1784276336.9772372,0.33002910017967224,0.3459419012069702,0.001,2.5029688802124852e-05,5.6892778993435446e-08,0,0,8.14914640112856e-05,0,2.4748666286468506,-0.003778852056711912,-2.4748597145080566,2.4748666286468506,-0.003778852056711912,-2.4748597145080566,1,-0.0082516735419631,-0.5,1,-0.0082516735419631,-0.5,1138452,1138452,1138452,1138452.0,1138452,0,169.4442138671875,53.59041213989258,57.73828125,0.3293001071522772,1643.8337768048398,692.559075050056,1138452,0,703,636.625,602,0,0.6495535969734192,2048,1904.5625,1,0.6495535969734192,2048,1904.5625,1,5.492502967810612e-06,0.5033444800422829,0.011079420380155502,0.0431255374636126,0.006252950988709927,429.47565752919763,410.0568542480469,410.0568542480469,410.0568542480469,0,13.244631661102176,12.61338829062879,188.1121726129204,,2.710428088903427e-05,692.559075050056,3.0496157705783844e-05,,49.09635437652469,0,27,
28,22076.791139561,1784277022.3577328,0.33009517192840576,0.4413069188594818,0.001,2.4927332597886858e-05,5.9080962800875276e-08,0,0,0.0005792752386436664,0,2.4748666286468506,-0.03221342712640762,-2.4748597145080566,2.4748666286468506,-0.03221342712640762,-2.4748597145080566,1,-0.021194756031036377,-0.5,1,-0.021194756031036377,-0.5,1144024,1144024,1144024,1144024.0,1144024,0,169.572021484375,53.59041213989258,57.73828125,0.32971224035399055,1669.2268481715987,685.3616099292412,1144024,0,683,638.1785888671875,602,0,0.6741071343421936,2048,1915.4464111328125,552,0.6741071343421936,2048,1915.4464111328125,552,7.7135776438393e-06,0.4933986540776378,0.011099492177953814,0.043089367369061285,0.008824517950415611,423.3952530371025,403.8659362792969,403.8659362792969,403.8659362792969,0,13.285977235995233,12.698085439391434,186.66777439042926,,3.9614737033843994e-05,685.3616099292412,3.1327828764915466e-05,,49.29527041502297,0,28,
29,22763.484392242,1784277703.0923922,0.3223273754119873,0.3335426151752472,0.001,2.6957892259815704e-05,6.12691466083151e-08,0,0,0.00012426730200805112,0,2.4748666286468506,-0.0061733052134513855,-2.4748597145080566,2.4748666286468506,-0.0061733052134513855,-2.4748597145080566,1,-0.01282756682485342,-0.5,1,-0.01282756682485342,-0.5,1131522,1131522,1131522,1131522.0,1131522,0,169.2979736328125,53.59041213989258,57.73828125,0.32944955938079984,1662.2411303437955,680.7207325967029,1131522,0,676,631.7142944335938,594,0,0.6450892686843872,2048,1894.0045166015625,371,0.6450892686843872,2048,1894.0045166015625,371,5.619721614032611e-06,0.4858873208608974,0.01108561516951344,0.043083542003762215,0.006358838640153408,412.2821941729635,392.8652648925781,392.8652648925781,392.8652648925781,0,13.142941756173968,12.543617447838187,193.9852545959875,,2.828706055879593e-05,680.7207325967029,2.9824674129486084e-05,,48.74997561518103,0,29,
30,23447.291860539,1784278389.7858365,0.32574307918548584,0.37699076533317566,0.001,2.7410701978642837e-05,6.345733041575492e-08,0,0,0.00034963530137878363,0,2.4748666286468506,-0.018107498064637184,-2.4748597145080566,2.4748666286468506,-0.018107498064637184,-2.4748597145080566,1,-0.019229913130402565,-0.5,1,-0.019229913130402565,-0.5,1140334,1140334,1140334,1140334.0,1140334,0,169.60888671875,53.59041213989258,57.73828125,0.32970332624384774,1660.6467237104046,686.6806670669466,1140334,0,705,637.9642944335938,601,0,0.6450892686843872,2048,1907.424072265625,316,0.6450892686843872,2048,1907.424072265625,316,7.980122517290565e-06,0.49629532339138527,0.011075780701907668,0.043076294930398884,0.009100005030632019,424.0972575163469,404.3470764160156,404.3470764160156,404.3470764160156,0,13.207235084846616,12.63008931092918,187.60511962603778,,2.9888004064559937e-05,686.6806670669466,2.9952265322208405e-05,,49.12136370316148,0,30,
31,24151.952448489,1784279073.5931413,0.3258771002292633,0.3356623947620392,0.001,2.7131283749607674e-05,6.564551422319474e-08,0,0,0.0003147512080450186,0,2.4748666286468506,-0.01764330081641674,-2.4748597145080566,2.4748666286468506,-0.01764330081641674,-2.4748597145080566,1,-0.017050782218575478,-0.5,1,-0.017050782218575478,-0.5,1124530,1124530,1124530,1124530.0,1124530,0,169.491455078125,53.59041213989258,57.73828125,0.32915197337238045,1644.5431815120799,683.794753851369,1124530,0,690,633.2142944335938,597,0,0.640625,2048,1876.8973388671875,499,0.640625,2048,1876.8973388671875,499,5.553986353423587e-06,0.4944413854509792,0.011092713108247188,0.043100479462157934,0.006245624274015427,415.7510389564559,396.323486328125,396.323486328125,396.323486328125,0,13.048156066797674,12.47408867161721,194.03699468448758,,2.7583912014961243e-05,683.794753851369,3.0079856514930725e-05,,48.46778216958046,0,31,
32,24872.377525108,1784279778.254036,0.3262474238872528,0.3930293023586273,0.001,2.7243346452525322e-05,6.783369803063457e-08,0,0,0.00043277604530959825,0,2.474865436553955,-0.024145472794771194,-2.4748597145080566,2.474865436553955,-0.024145472794771194,-2.4748597145080566,1,-0.03570200875401497,-0.5,1,-0.03570200875401497,-0.5,1131368,1131368,1131368,1131368.0,1131368,0,169.41558837890625,53.59041213989258,57.73828125,0.32917253662429347,1605.5824477084025,704.6464674640447,1131368,0,697,633.1428833007812,599,0,0.6361607313156128,2048,1892.232177734375,523,0.6361607313156128,2048,1892.232177734375,523,8.140322095693468e-06,0.5017042469207962,0.011103560572030286,0.043113759470813695,0.009209699928760529,425.3047241996974,405.77423095703125,405.77423095703125,405.77423095703125,0,13.14471039455384,12.56221311725676,204.83701667003334,,3.440026193857193e-05,704.6464674640447,2.9888004064559937e-05,,48.77752782497555,0,32,
33,25569.710592601,1784280498.6790457,0.32521870732307434,0.4058881998062134,0.001,2.482166880271302e-05,7.002188183807439e-08,0,0,0.00013687590874223113,0,2.4748640060424805,-0.005782637279480696,-2.4748597145080566,2.4748640060424805,-0.005782637279480696,-2.4748597145080566,1,-0.018786830827593803,-0.5,1,-0.018786830827593803,-0.5,1144601,1144601,1144601,1144601.0,1144601,0,169.99578857421875,53.59041213989258,57.73828125,0.3289805822992791,1588.8173457249638,720.4106898000464,1144601,0,705,642.2678833007812,603,0,0.6339285969734192,2048,1912.6451416015625,616,0.6339285969734192,2048,1912.6451416015625,616,5.595905303230616e-06,0.5146045494406476,0.011119402581196392,0.04318848353005479,0.0064050788059830666,440.9466272564605,421.5297546386719,421.5297546386719,421.5297546386719,0,13.318364499136806,12.727279313839972,203.96786156389862,,3.4623779356479645e-05,720.4106898000464,3.0270777642726898e-05,,49.43358143698424,0,33,
34,26264.894713685,1784281196.0120564,0.329926460981369,0.34818026423454285,0.001,2.687460860494068e-05,7.221006564551422e-08,0,0,0.0002256212700354363,0,2.4748458862304688,-0.013465003110468388,-2.4748597145080566,2.4748458862304688,-0.013465003110468388,-2.4748597145080566,1,-0.03425278887152672,-0.5,1,-0.03425278887152672,-0.5,1136373,1136373,1136373,1136373.0,1136373,0,169.90557861328125,53.59041213989258,57.73828125,0.3312514837034611,1629.6365345481413,697.3168408470228,1136373,0,688,638.4107055664062,598,0,0.6316964030265808,2048,1898.1361083984375,576,0.6316964030265808,2048,1898.1361083984375,576,5.6726629010984844e-06,0.5047271442487419,0.01111217395034355,0.042862711632246114,0.006446260958909988,429.20229801908135,409.4708251953125,409.4708251953125,409.4708251953125,0,13.208947948180139,12.627574448473752,193.55245736334473,,3.734324127435684e-05,697.3168408470228,3.039836883544922e-05,,48.708028205670416,0,34,
35,26959.664784799,1784281891.1961672,0.3354531526565552,0.3440861701965332,0.001,2.7207852846394026e-05,7.439824945295405e-08,0,0,0.0003348435201012168,0,2.2467870712280273,-0.01793113723397255,-2.4748597145080566,2.2467870712280273,-0.01793113723397255,-2.4748597145080566,1,-0.025214284658432007,-0.5,1,-0.025214284658432007,-0.5,1126840,1126840,1126840,1126840.0,1126840,0,170.03753662109375,53.59041213989258,57.73828125,0.3287228546996219,1620.952535945431,695.171496395953,1126840,0,685,631.3392944335938,597,0,0.6473214030265808,2048,1883.9285888671875,312,0.6473214030265808,2048,1883.9285888671875,312,5.734655697320937e-06,0.5044938824415401,0.011103317185634431,0.04316446836806384,0.006462039425969124,425.79283678065985,406.1029052734375,406.1029052734375,406.1029052734375,0,13.10925551597029,12.511661937460303,195.101524123922,,3.087986260652542e-05,695.171496395953,2.9727816581726074e-05,,48.63944953586906,0,35,
36,27660.490350003,1784282585.9662848,0.3246062994003296,0.34796854853630066,0.001,2.7550572723361702e-05,7.658643326039387e-08,0,0,0.00017477742804491143,0,2.4748666286468506,-0.011008845642209053,-2.4748597145080566,2.4748666286468506,-0.011008845642209053,-2.4748597145080566,1,-0.01728571392595768,-0.5,1,-0.01728571392595768,-0.5,1136624,1136624,1136624,1136624.0,1136624,0,169.965087890625,53.59041213989258,57.73828125,0.3290824500631263,1636.0162723050585,694.7510359408334,1136624,0,679,637,604,0,0.6160714030265808,2048,1900.107177734375,524,0.6160714030265808,2048,1900.107177734375,524,5.6750146459301594e-06,0.49482241253675124,0.011093945372260276,0.04314205878318891,0.006450357846915722,421.2165890270844,401.6329650878906,401.6329650878906,401.6329650878906,0,13.236948699690402,12.609644564799964,198.63458166457713,,5.19677996635437e-05,694.7510359408334,3.075040876865387e-05,,49.03629942238331,0,36,
37,28358.257349984,1784283286.7918103,0.3291707932949066,0.3513071537017822,0.001,2.730284771188257e-05,7.87746170678337e-08,0,0,0.00038121065485985145,0,2.4748666286468506,-0.020952634513378143,-2.4748597145080566,2.4748666286468506,-0.020952634513378143,-2.4748597145080566,1,-0.0167823676019907,-0.5,1,-0.0167823676019907,-0.5,1137577,1137577,1137577,1137577.0,1137577,0,170.09857177734375,53.59041213989258,57.73828125,0.3296299744318407,1623.2249036795974,700.8129295092076,1137577,0,712,633.6607055664062,599,0,0.6651785969734192,2048,1905.5736083984375,382,0.6651785969734192,2048,1905.5736083984375,382,5.729024337408783e-06,0.5092806907273304,0.011076764280937372,0.04307761134032118,0.006517206318676472,434.77139783184975,415.385986328125,415.385986328125,415.385986328125,0,13.200740315951407,12.600672280415893,191.2185269370675,,3.1327828764915466e-05,700.8129295092076,2.9216520488262177e-05,,49.00409987568855,0,37,
38,29057.299382259,1784283984.5588152,0.3308138847351074,0.29703864455223083,0.001,2.706876693991944e-05,8.096280087527351e-08,0,0,0.00035220807570354105,0,2.4748666286468506,-0.019557081162929535,-2.4748597145080566,2.4748666286468506,-0.019557081162929535,-2.4748597145080566,1,-0.013325893320143223,-0.5,1,-0.013325893320143223,-0.5,1138235,1138235,1138235,1138235.0,1138235,0,170.12310791015625,53.59041213989258,57.73828125,0.3295725101512843,1631.282942176095,697.7544916160405,1138235,0,703,638.0535888671875,601,0,0.6428571343421936,2048,1902.6495361328125,541,0.6428571343421936,2048,1902.6495361328125,541,5.636085029763706e-06,0.5027250266475416,0.011097648891138977,0.0430827978945484,0.006415189243853092,428.51627728901803,409.0619201660156,409.0619201660156,409.0619201660156,0,13.227900905534625,12.631732385605574,194.32331332564354,,2.729613333940506e-05,697.7544916160405,3.116857260465622e-05,,49.0383484615013,0,38,
39,29752.000623009,1784284683.600969,0.324563592672348,0.35094690322875977,0.001,2.6982545765646614e-05,8.315098468271334e-08,0,0,0.000315058654933284,0,2.4748666286468506,-0.016694307327270508,-2.4748597145080566,2.4748666286468506,-0.016694307327270508,-2.4748597145080566,1,-0.024710938334465027,-0.5,1,-0.024710938334465027,-0.5,1147455,1147455,1147455,1147455.0,1147455,0,170.516357421875,53.59041213989258,57.73828125,0.33011046181200976,1641.4970924426082,699.0295659266412,1147455,0,735,639.75,601,0,0.6785714030265808,2048,1921.533447265625,357,0.6785714030265808,2048,1921.533447265625,357,5.561152076109901e-06,0.5118308913028933,0.011078157911946971,0.04305313269387796,0.006381171755492687,440.6080872854218,420.8376159667969,420.8376159667969,420.8376159667969,0,13.298477039672434,12.71168768685311,182.99286510888487,,2.9247254133224487e-05,699.0295659266412,2.9119662940502167e-05,,49.40153237525374,0,39,
40,30435.744884901,1784285378.3019593,0.33120256662368774,0.39403262734413147,0.001,2.669542018153077e-05,8.533916849015317e-08,0,0,0.0005356011986396898,0,2.4748666286468506,-0.029603932052850723,-2.4748597145080566,2.4748666286468506,-0.029603932052850723,-2.4748597145080566,1,-0.03156863898038864,-0.5,1,-0.03156863898038864,-0.5,1136434,1136434,1136434,1136434.0,1136434,0,170.3857421875,53.59041213989258,57.73828125,0.32912125008730575,1635.893912811517,694.6868565864861,1136434,0,726,639.8214111328125,596,0,0.6294642686843872,2048,1896.861572265625,306,0.6294642686843872,2048,1896.861572265625,306,5.605850824039996e-06,0.50053096790973,0.01108810572851739,0.04314268349414777,0.006370679475367069,425.34821334388107,405.95977783203125,405.95977783203125,405.95977783203125,0,13.177907220087945,12.600900345481932,194.51433781068772,,3.5999342799186707e-05,694.6868565864861,2.982374280691147e-05,,49.02881237398833,0,40,
41,31126.342970666,1784286062.0463426,0.3245309591293335,0.3408661186695099,0.001,2.810188227752461e-05,8.752735229759299e-08,0,0,0.0001577594152598865,0,2.4748666286468506,-0.007608795538544655,-2.4748597145080566,2.4748666286468506,-0.007608795538544655,-2.4748597145080566,1,-0.015775669366121292,-0.5,1,-0.015775669366121292,-0.5,1131686,1131686,1131686,1131686.0,1131686,0,170.18865966796875,53.59041213989258,57.73828125,0.3292442836585485,1655.165205078885,683.7299361582845,1131686,0,675,634.2142944335938,599,0,0.625,2048,1891.8704833984375,349,0.625,2048,1891.8704833984375,349,5.649022306937514e-06,0.49794618523026307,0.011089424757571749,0.043105125856550214,0.006392919458448887,422.0382728613913,402.4833068847656,402.4833068847656,402.4833068847656,0,13.16264256183058,12.549746746197343,187.18090599868447,,3.5711564123630524e-05,683.7299361582845,2.9952265322208405e-05,,48.78146746009588,0,41,
42,31821.540350425,1784286752.6444163,0.3301122188568115,0.31304803490638733,0.001,2.6994269746308192e-05,8.971553610503282e-08,0,0,0.00021714117484611492,0,2.4748666286468506,-0.011611239053308964,-2.4748597145080566,2.4748666286468506,-0.011611239053308964,-2.4748597145080566,1,-0.023203125223517418,-0.5,1,-0.023203125223517418,-0.5,1149764,1149764,1149764,1149764.0,1149764,0,170.25653076171875,53.59041213989258,57.73828125,0.3297823941910284,1664.9208045290525,690.5817963667214,1149764,0,709,638.9107055664062,599,0,0.6808035969734192,2048,1927.5267333984375,622,0.6808035969734192,2048,1927.5267333984375,622,5.703532252448782e-06,0.502041211352106,0.011066636615390727,0.04309470983448302,0.006557716056704521,433.5286513213068,414.0198669433594,414.0198669433594,414.0198669433594,0,13.338864943012595,12.724020381458104,181.42436133231968,,3.891158849000931e-05,690.5817963667214,3.15522775053978e-05,,49.54874595813453,0,42,
43,32495.542618786,1784287447.8418412,0.3282272219657898,0.3306799829006195,0.001,2.6938518018067374e-05,9.190371991247265e-08,0,0,5.9260272736333286e-05,0,2.474682092666626,-0.003568794345483184,-2.4748597145080566,2.474682092666626,-0.003568794345483184,-2.4748597145080566,1,-0.029669642448425293,-0.5,1,-0.029669642448425293,-0.5,1136330,1136330,1136330,1136330.0,1136330,0,170.39453125,53.59041213989258,57.73828125,0.3290763357006746,1634.5726718209844,695.1847535381094,1136330,0,691,631.625,598,0,0.640625,2048,1904.825927734375,366,0.640625,2048,1904.825927734375,366,5.578202838702913e-06,0.5043732377060005,0.011097282766040883,0.04314371323842245,0.006338679231703281,430.41295487526804,410.88824462890625,410.88824462890625,410.88824462890625,0,13.1924195503816,12.610175325535238,189.92695290222764,,2.6015564799308777e-05,695.1847535381094,3.15522775053978e-05,,49.02549566421658,0,43,
44,33185.318943609,1784288121.8441331,0.3294660449028015,0.3390122354030609,0.001,2.7002744529306012e-05,9.409190371991246e-08,0,0,0.00036720054732559585,0,2.4748666286468506,-0.02126251347362995,-2.4748597145080566,2.4748666286468506,-0.02126251347362995,-2.4748597145080566,1,-0.012157924473285675,-0.5,1,-0.012157924473285675,-0.5,1134589,1134589,1134589,1134589.0,1134589,0,170.56201171875,53.59041213989258,57.73828125,0.3311926853930967,1683.4079301775023,673.9833997813985,1134589,0,773,636.5714111328125,599,0,0.6607142686843872,2048,1895.9932861328125,447,0.6607142686843872,2048,1895.9932861328125,447,5.754122239395859e-06,0.49201920869435783,0.011093550721468783,0.04286862630561825,0.0065285637974739075,417.923575961031,398.3018798828125,398.3018798828125,398.3018798828125,0,13.153707004152238,12.586620619520545,181.66420199349523,,3.967899829149246e-05,673.9833997813985,3.158394247293472e-05,,48.638271851465106,0,44,
45,33887.166696257,1784288811.6204772,0.3295004665851593,0.2783881425857544,0.001,2.7254595528463644e-05,9.62800875273523e-08,0,0,0.00031554414498695757,0,2.4748666286468506,-0.017628416419029236,-2.4748597145080566,2.4748666286468506,-0.017628416419029236,-2.4748597145080566,1,0.002978236647322774,-0.5,1,0.002978236647322774,-0.5,1133322,1133322,1133322,1133322.0,1133322,0,170.47857666015625,53.59041213989258,57.73828125,0.32882718367596553,1643.0583078589125,689.763713545166,1133322,0,708,635.7857055664062,602,0,0.6316964030265808,2048,1893.950927734375,417,0.6316964030265808,2048,1893.950927734375,417,5.69832621636973e-06,0.49859266550677045,0.011088831495228851,0.04317315330588995,0.006458038464188576,423.05089075583965,403.5138244628906,403.5138244628906,403.5138244628906,0,13.15954368840903,12.567216687835753,192.04008450452238,,2.9151327908039093e-05,689.763713545166,2.950429916381836e-05,,48.92908445093781,0,45,
46,34578.678182622,1784289513.468206,0.3307279050350189,0.40367117524147034,0.001,2.70994872580002e-05,9.846827133479211e-08,0,0,0.0003883742210375055,0,2.4748666286468506,-0.020991476252675056,-2.4748597145080566,2.4748666286468506,-0.020991476252675056,-2.4748597145080566,1,-0.03782087191939354,-0.5,1,-0.03782087191939354,-0.5,1142261,1142261,1142261,1142261.0,1142261,0,170.2349853515625,53.59041213989258,57.73828125,0.32966453223361764,1627.5343655370818,701.8352571763098,1142261,0,666,632.3214111328125,601,0,0.6383928656578064,2048,1917.3682861328125,491,0.6383928656578064,2048,1917.3682861328125,491,5.608937598864556e-06,0.4968389084566998,0.011062834888088733,0.043079909762576946,0.006406870670616627,426.7751824250445,407.1701965332031,407.1701965332031,407.1701965332031,0,13.236193302087486,12.636644842103124,199.96191456820816,,2.8352253139019012e-05,701.8352571763098,3.0656345188617706e-05,,49.208500805310905,0,46,
47,35278.4101933,1784290204.979638,0.3291866183280945,0.35878193378448486,0.001,2.768590791080841e-05,1.0065645514223195e-07,0,0,0.0003638856279413092,0,2.4748666286468506,-0.02095785364508629,-2.4748597145080566,2.4748666286468506,-0.02095785364508629,-2.4748597145080566,1,-0.02342243306338787,-0.5,1,-0.02342243306338787,-0.5,1137851,1137851,1137851,1137851.0,1137851,0,170.7421875,53.59041213989258,57.73828125,0.3293282195570683,1645.4847606107803,691.4989595999941,1137851,0,687,633.9464111328125,598,0,0.6584821343421936,2048,1905.8995361328125,369,0.6584821343421936,2048,1905.8995361328125,369,5.685963845781876e-06,0.4947753610977069,0.011089150887048076,0.0431217868865166,0.006469779647886753,422.4604786457494,403.0654296875,403.0654296875,403.0654296875,0,13.229464217089117,12.617801425978541,194.10808626189828,,2.7008354663848877e-05,691.4989595999941,3.0431896448135376e-05,,49.0661683306098,0,47,
48,35959.838688254,1784290904.7116258,0.32686328887939453,0.32554492354393005,0.001,2.6951965509749926e-05,1.0284463894967177e-07,0,0,0.00046172315327270067,0,2.4748666286468506,-0.02485465072095394,-2.4748597145080566,2.4748666286468506,-0.02485465072095394,-2.4748597145080566,1,-0.01711774431169033,-0.5,1,-0.01711774431169033,-0.5,1137900,1137900,1137900,1137900.0,1137900,0,170.81951904296875,53.59041213989258,57.73828125,0.33001005600101013,1626.2270084699608,699.7178094284609,1137900,0,710,632.375,596,0,0.625,2048,1907.580322265625,312,0.625,2048,1907.580322265625,312,5.805126190583645e-06,0.49038754487271524,0.011069390491294111,0.04302937428249511,0.006605653092265129,419.08323429804295,399.6845397949219,399.6845397949219,399.6845397949219,0,13.180478484369814,12.595859440043569,205.87775376345962,,3.4975819289684296e-05,699.7178094284609,3.0975788831710815e-05,,48.96312499605119,0,48,
49,38520.614378907,1784291586.1400568,0.33412420749664307,0.3183732330799103,0.001,2.7155766047701255e-05,1.0503282275711159e-07,0,0,0.00029438920437871495,0,2.467893362045288,-0.016135886311531067,-2.4748597145080566,2.467893362045288,-0.016135886311531067,-2.4748597145080566,0.10000000149011612,-0.03436551243066788,-0.5,0.10000000149011612,-0.03436551243066788,-0.5,1153678,1153678,1153678,1153678.0,1153678,0,170.80853271484375,53.59041213989258,57.73828125,0.3323062004340772,1693.0645919346355,681.4140497036278,1153678,0,719,637.2857055664062,600,0,0.71875,2048,1937.888427734375,672,0.71875,2048,1937.888427734375,672,5.458014399394633e-06,0.4996986719905728,0.01109198124099737,0.042788842691146814,0.006296791136264801,433.8253948567435,414.37799072265625,414.37799072265625,414.37799072265625,0,13.378404566086829,12.796574734151363,172.03206235263497,,3.391876816749573e-05,681.4140497036278,3.0016526579856873e-05,,49.36454645823687,0,49,
50,39215.448419711,1784294146.9157705,0.33267489075660706,0.35333651304244995,0.001,2.8223031426468694e-05,1.0722100656455142e-07,0,0,0.000121119330287911,0,2.4748666286468506,-0.006608335766941309,-2.4748597145080566,2.4748666286468506,-0.006608335766941309,-2.4748597145080566,1,-0.030450332909822464,-0.5,1,-0.030450332909822464,-0.5,1125244,1125244,1125244,1125244.0,1125244,0,170.82452392578125,53.59041213989258,57.73828125,0.3289633519163507,1630.4086305144804,690.160723477602,1125244,0,712,634.9821166992188,595,0,0.6116071343421936,2048,1876.7232666015625,798,0.6116071343421936,2048,1876.7232666015625,798,5.758770838646883e-06,0.48630775239272334,0.01108782945013941,0.04310924781661797,0.006480022333562374,408.8739415947348,389.40045166015625,389.40045166015625,389.40045166015625,0,13.06557796895504,12.476513561792672,207.21883393544704,25.139548276551068,3.753509372472763e-05,690.160723477602,4.575960338115692e-05,1845.45918902196,48.50842245016247,0,50,-0.03348574999187258
51,39906.197760495,1784294841.7498813,0.33078432083129883,0.3485547602176666,0.001,2.734253445981137e-05,1.0940919037199125e-07,0,0,0.00032255547934051273,0,2.4748666286468506,-0.017110668122768402,-2.4748597145080566,2.4748666286468506,-0.017110668122768402,-2.4748597145080566,1,-0.02074553444981575,-0.5,1,-0.02074553444981575,-0.5,1132596,1132596,1132596,1132596.0,1132596,0,175.68707275390625,53.59041213989258,57.73828125,0.3288791694042324,1630.054207995567,694.8210645047948,1132596,0,708,631.9107055664062,596,0,0.6383928656578064,2048,1896.205322265625,410,0.6383928656578064,2048,1896.205322265625,410,5.653919301315385e-06,0.49324609375963885,0.011112075634518978,0.04316183475415759,0.0064036063849925995,419.0125566488132,399.3782653808594,399.3782653808594,399.3782653808594,0,13.180437579751015,12.585492415353656,201.13967549521476,,2.78400257229805e-05,694.8210645047948,3.2160431146621704e-05,,48.88492139521986,0,51,
52,40586.923811301,1784295532.4991984,0.3314967453479767,0.3854135274887085,0.001,2.7451063423151417e-05,1.1159737417943106e-07,0,0,0.0004155822802463912,0,2.4748666286468506,-0.02245781570672989,-2.4748597145080566,2.4748666286468506,-0.02245781570672989,-2.4748597145080566,1,-0.01734040305018425,-0.5,1,-0.01734040305018425,-0.5,1147824,1147824,1147824,1147824.0,1147824,0,175.42279052734375,53.59041213989258,57.73828125,0.3297040588461705,1661.7551304706637,690.7299270229414,1147824,0,693,638.1071166992188,595,0,0.6852678656578064,2048,1924,643,0.6852678656578064,2048,1924,643,5.554989322553249e-06,0.5031906299109256,0.011093279548831594,0.043103392295198,0.0063761500641703606,433.7261698329821,413.8456726074219,413.8456726074219,413.8456726074219,0,13.318149383179843,12.733132504858077,181.46055055130273,,4.2815692722797394e-05,690.7299270229414,2.9824674129486084e-05,,49.47510815784335,0,52,
53,41282.135065698,1784296213.2250433,0.32993027567863464,0.3548907935619354,0.001,2.6651484162988597e-05,1.1378555798687089e-07,0,0,0.00042609621492114717,0,2.4748666286468506,-0.024456312879920006,-2.4748597145080566,2.4748666286468506,-0.024456312879920006,-2.4748597145080566,1,-0.017616629600524902,-0.5,1,-0.017616629600524902,-0.5,1147693,1147693,1147693,1147693.0,1147693,0,176.01641845703125,53.635021686553955,57.73828125,0.33188747854160566,1686.0156322603527,680.7131428914145,1147693,0,740,646.8392944335938,602,0,0.6830357313156128,2048,1914.9754638671875,527,0.6830357313156128,2048,1914.9754638671875,527,5.694642603628113e-06,0.5025692103832666,0.011075925434949587,0.04283285021069045,0.0065357014536857605,431.1586487106979,411.1313781738281,411.1313781738281,411.1313781738281,0,13.328171879053116,12.711762090213597,174.33876311779022,,2.9216520488262177e-05,680.7131428914145,2.950429916381836e-05,,49.158962356857955,0,53,
54,41997.095721681,1784296908.4366624,0.32630258798599243,0.37502047419548035,0.001,2.7421719671704575e-05,1.1597374179431071e-07,0,0,0.000357109916988019,0,2.4748666286468506,-0.019127920269966125,-2.4748597145080566,2.4748666286468506,-0.019127920269966125,-2.4748597145080566,1,-0.039930250495672226,-0.5,1,-0.039930250495672226,-0.5,1141446,1141446,1141446,1141446.0,1141446,0,175.96856689453125,53.64770269393921,57.73828125,0.3315649175614448,1641.8987430212908,695.1987781533971,1141446,0,772,643.875,594,0,0.6674107313156128,2048,1903.9954833984375,630,0.6674107313156128,2048,1903.9954833984375,630,8.14653054562678e-06,0.49997867299268156,0.011095208846532234,0.04284534729690284,0.009298824705183506,426.47680827602744,406.88922119140625,406.88922119140625,406.88922119140625,0,13.286117035895586,12.664581757038832,193.84583621378988,,3.276672214269638e-05,695.1987781533971,2.9982998967170715e-05,,48.90565029066056,0,54,
55,42697.987819936,1784297623.3972018,0.32540714740753174,0.3233098089694977,0.001,2.7614560056054888e-05,1.1816192560175055e-07,0,0,0.0002758185167164941,0,2.4748666286468506,-0.0157505851238966,-2.4748597145080566,2.4748666286468506,-0.0157505851238966,-2.4748597145080566,1,-0.01728404127061367,-0.5,1,-0.01728404127061367,-0.5,1157947,1157947,1157947,1157947.0,1157947,0,175.8026123046875,53.64770269393921,57.73828125,0.33034572378395355,1619.6239743672913,714.9480486372486,1157947,0,713,639.5,597,0,0.6941964030265808,2048,1945.203125,852,0.6941964030265808,2048,1945.203125,852,5.54694009734374e-06,0.5108891002076407,0.0110693326878517,0.04305003296145454,0.0064230626448988914,445.2148172650486,425.51123046875,425.51123046875,425.51123046875,0,13.427616694010794,12.817700577899814,193.62128387019038,,3.030337393283844e-05,714.9480486372486,3.0623748898506165e-05,,49.849656517617404,0,55,
56,43378.694685966,1784298324.2892609,0.32760217785835266,0.44230517745018005,0.001,2.777143924263049e-05,1.2035010940919035e-07,0,0,0.00034027668521141135,0,2.4748666286468506,-0.018684253096580505,-2.4748597145080566,2.4748666286468506,-0.018684253096580505,-2.4748597145080566,1,-0.02197042480111122,-0.5,1,-0.02197042480111122,-0.5,1149486,1149486,1149486,1149486.0,1149486,0,174.8988037109375,53.64770269393921,57.73828125,0.32904435059173087,1640.0665291823634,700.8776653548703,1149486,0,675,638.9821166992188,600,0,0.6919642686843872,2048,1926.8348388671875,810,0.6919642686843872,2048,1926.8348388671875,810,7.949769905262478e-06,0.5135354176808505,0.011071592500846503,0.04319269145866896,0.009138149209320545,443.29507032129914,423.50933837890625,423.50933837890625,423.50933837890625,0,13.346762077882886,12.726640577428043,181.8403281290084,,4.499219357967377e-05,700.8776653548703,3.068801015615463e-05,,49.64939413405955,0,56,
57,44068.739401479,1784299004.9961548,0.32847243547439575,0.3044287860393524,0.001,2.7294846163107538e-05,1.225382932166302e-07,0,0,0.00010958292232873867,0,2.4748666286468506,-0.007459874264895916,-2.4748597145080566,2.4748666286468506,-0.007459874264895916,-2.4748597145080566,1,-0.020080357789993286,-0.5,1,-0.020080357789993286,-0.5,1140324,1140324,1140324,1140324.0,1140324,0,174.73040771484375,53.64770269393921,57.73828125,0.33194872034044903,1675.240799475983,680.692590794526,1140324,0,700,633.125,597,0,0.6517857313156128,2048,1912.2410888671875,454,0.6517857313156128,2048,1912.2410888671875,454,5.588915508701443e-06,0.49126282700801877,0.011075260412256371,0.04278217952190837,0.006373174488544464,420.85700369253755,401.3792724609375,401.3792724609375,401.3792724609375,0,13.222651397809386,12.629385254345834,185.18093939404935,,3.8047321140766144e-05,680.692590794526,3.059022128582001e-05,,48.78554608114064,0,57,
58,44755.752428741,1784299695.0408654,0.32805854082107544,0.3488970994949341,0.001,2.7941743684671247e-05,1.2472647702407001e-07,0,0,4.40636908098561e-05,0,2.4748666286468506,-0.002682278398424387,-2.4748597145080566,2.4748666286468506,-0.002682278398424387,-2.4748597145080566,1,-0.017848214134573936,-0.5,1,-0.017848214134573936,-0.5,1143302,1143302,1143302,1143302.0,1143302,0,174.96270751953125,53.64770269393921,57.73828125,0.3298758130057323,1656.8904505371984,690.0287219528109,1143302,0,692,635.4285888671875,596,0,0.6651785969734192,2048,1916.5848388671875,493,0.6651785969734192,2048,1916.5848388671875,493,5.733000109571577e-06,0.4911387684351826,0.011098472360780015,0.043063325271461644,0.006554550491273403,421.70648074150085,402.24981689453125,402.24981689453125,402.24981689453125,0,13.245411506853998,12.688905647024512,193.1365789314732,,4.367902874946594e-05,690.0287219528109,3.119930624961853e-05,,49.23438590951264,0,58,
59,45454.560202255,1784300382.0538754,0.32628199458122253,0.3079357445240021,0.001,2.8144780766784345e-05,1.2691466083150983e-07,0,0,0.00035614110112134066,0,2.4748666286468506,-0.01897205039858818,-2.4748597145080566,2.4748666286468506,-0.01897205039858818,-2.4748597145080566,1,-0.007584264036267996,-0.5,1,-0.007584264036267996,-0.5,1137697,1137697,1137697,1137697.0,1137697,0,175.1439208984375,53.64770269393921,57.73828125,0.329478454237459,1656.0349691224676,687.0005894880742,1137697,0,743,639.8392944335938,597,0,0.640625,2048,1899.6629638671875,505,0.640625,2048,1899.6629638671875,505,5.6799571059905106e-06,0.4880106475910098,0.011091279780730847,0.04309988475408577,0.006462070159614086,415.32097362168133,395.7215270996094,395.7215270996094,395.7215270996094,0,13.20055398158729,12.618515732698143,196.80906522087753,,2.7231872081756592e-05,687.0005894880742,3.132876008749008e-05,,49.03460958506912,0,59,
60,46145.102082121,1784301080.8617408,0.3289426565170288,0.34451618790626526,0.001,2.7644237796229554e-05,1.2910284463894965e-07,0,0,0.00021137747865637087,0,2.4747962951660156,-0.010916465893387794,-2.4748597145080566,2.4747962951660156,-0.010916465893387794,-2.4748597145080566,0.5,-0.03703515604138374,-0.5,0.5,-0.03703515604138374,-0.5,1143607,1143607,1143607,1143607.0,1143607,0,174.89581298828125,53.64770269393921,57.73828125,0.33174328452710267,1636.5562825674708,698.7886772863567,1143607,0,722,642.2321166992188,606,0,0.6741071343421936,2048,1910.4620361328125,592,0.6741071343421936,2048,1910.4620361328125,592,5.606029185281752e-06,0.496881376149658,0.01107214143681062,0.042827315429528424,0.006411094218492508,425.2743103886023,405.73712158203125,405.73712158203125,405.73712158203125,0,13.275516943074763,12.662178452126682,198.58228052128106,,4.182383418083191e-05,698.7886772863567,3.1264498829841614e-05,,48.97761771641672,0,60,
61,46833.153563415,1784301771.4035792,0.32827457785606384,0.3461919128894806,0.001,2.7916802110314382e-05,1.312910284463895e-07,0,0,0.0003308459310982452,0,2.4748666286468506,-0.01820126548409462,-2.4748597145080566,2.4748666286468506,-0.01820126548409462,-2.4748597145080566,1,-0.012041852809488773,-0.5,1,-0.012041852809488773,-0.5,1144652,1144652,1144652,1144652.0,1144652,0,175.011962890625,53.64770269393921,57.73828125,0.3318417252861573,1657.6440427385191,690.5294324280694,1144652,0,718,637.2142944335938,597,0,0.6607142686843872,2048,1917.8125,480,0.6607142686843872,2048,1917.8125,480,7.818625063979961e-06,0.49949787965151865,0.011075551246926508,0.04281361959821907,0.00894960481673479,429.1585882389918,409.4832458496094,409.4832458496094,409.4832458496094,0,13.279555031098425,12.677651885896921,186.3874962106347,,2.6623718440532684e-05,690.5294324280694,3.100838512182236e-05,,49.00669530034065,0,61,
62,47529.662199432,1784302459.45494,0.3300410807132721,0.42854511737823486,0.001,2.822557790026696e-05,1.3347921225382933e-07,0,0,0.0002852178949979134,0,2.4748666286468506,-0.014664086513221264,-2.4748597145080566,2.4748666286468506,-0.014664086513221264,-2.4748597145080566,1,-0.025705358013510704,-0.5,1,-0.025705358013510704,-0.5,1136198,1136198,1136198,1136198.0,1136198,0,175.08489990234375,53.64770269393921,57.73828125,0.3297182107042599,1651.3570704980107,688.0389591678977,1136198,0,696,632.2678833007812,596,0,0.6607142686843872,2048,1903.888427734375,743,0.6607142686843872,2048,1903.888427734375,743,5.6256867837245226e-06,0.496125814731103,0.01107258643185008,0.04305142997178133,0.006391894072294235,423.16654466837645,403.59820556640625,403.59820556640625,403.59820556640625,0,13.183569844812155,12.580650558695197,190.17635121010244,,2.53431499004364e-05,688.0389591678977,2.931244671344757e-05,,48.914948631078005,0,62,
63,48188.550153676,1784303155.9634776,0.32186442613601685,0.3742692172527313,0.001,2.8303958190787982e-05,1.3566739606126915e-07,0,0,0.0004500041320671717,0,2.4748666286468506,-0.024243995547294617,-2.4748597145080566,2.4748666286468506,-0.024243995547294617,-2.4748597145080566,1,-0.02415066957473755,-0.5,1,-0.02415066957473755,-0.5,1134031,1134031,1134031,1134031.0,1134031,0,175.23907470703125,53.64770269393921,57.73828125,0.3296147747539056,1628.1947189796992,696.4959330605343,1134031,0,719,641.5,598,0,0.6294642686843872,2048,1889.8192138671875,485,0.6294642686843872,2048,1889.8192138671875,485,5.651476355234706e-06,0.4996714178767075,0.011104079225103277,0.04306957784585211,0.0064089493826031685,423.0413095597178,403.419189453125,403.419189453125,403.419189453125,0,13.159572341479361,12.592370067723095,198.84334521647543,,2.8320588171482086e-05,696.4959330605343,3.0559487640857697e-05,,48.84223643410951,0,63,
64,48897.817413456,1784303814.8514576,0.3291194438934326,0.3212738633155823,0.001,2.6889525728694597e-05,1.3785557986870897e-07,0,0,0.00019509954454035176,0,2.4748036861419678,-0.010872825048863888,-2.4748597145080566,2.4748036861419678,-0.010872825048863888,-2.4748597145080566,1,-0.010140625759959221,-0.5,1,-0.010140625759959221,-0.5,1130649,1130649,1130649,1130649.0,1130649,0,175.2962646484375,53.64770269393921,57.73828125,0.32906710675164214,1716.0328189635325,658.8737624976784,1130649,0,685,632.6785888671875,591,0,0.6428571343421936,2048,1891.091552734375,484,0.6428571343421936,2048,1891.091552734375,484,5.757448414668337e-06,0.48282389663723674,0.011102968168272647,0.04312673356611675,0.00650965329259634,409.0527506461367,389.53887939453125,389.53887939453125,389.53887939453125,0,13.125034616328776,12.5535598564893,175.36427578888834,,3.7151388823986053e-05,658.8737624976784,2.860836684703827e-05,,48.76119817979634,0,64,
65,49582.927692781,1784304524.1188726,0.32731154561042786,0.3643912374973297,0.001,2.7988443601928764e-05,1.4004376367614878e-07,0,0,0.0006509550516873749,0,2.4748666286468506,-0.03725477308034897,-2.4748597145080566,2.4748666286468506,-0.03725477308034897,-2.4748597145080566,1,-0.02134598232805729,-0.5,1,-0.02134598232805729,-0.5,1134815,1134815,1134815,1134815.0,1134815,0,175.2720947265625,53.64770269393921,57.73828125,0.3297470461062183,1600.0143544699677,709.2530119055882,1134815,0,710,635.6428833007812,598,0,0.65625,2048,1897.4263916015625,513,0.65625,2048,1897.4263916015625,513,5.8194400739342686e-06,0.5007551174824274,0.011076175089319979,0.0430533617514244,0.006603987887501717,425.665385350585,406.16827392578125,406.16827392578125,406.16827392578125,0,13.15937910694629,12.569409633986652,208.98394949827343,,3.34717333316803e-05,709.2530119055882,2.9920600354671478e-05,,48.85760071594268,0,65,
66,50283.317742735,1784305209.2291772,0.33163344860076904,0.3622715473175049,0.001,2.7366265812259145e-05,1.422319474835886e-07,0,0,0.0004708638329507916,0,2.4748666286468506,-0.024766117334365845,-2.4748597145080566,2.4748666286468506,-0.024766117334365845,-2.4748597145080566,1,-0.0053392862901091576,-0.5,1,-0.0053392862901091576,-0.5,1133295,1133295,1133295,1133295.0,1133295,0,175.7890625,53.64770269393921,57.73828125,0.3297795455429985,1654.2172364242267,685.0944211231545,1133295,0,744,634.8392944335938,595,0,0.6629464030265808,2048,1894.8370361328125,415,0.6629464030265808,2048,1894.8370361328125,415,5.549120170852496e-06,0.4988522104106121,0.01107962166099281,0.04305589249849065,0.0062887901440262794,423.4691563388333,404.0418701171875,404.0418701171875,404.0418701171875,0,13.160522192716599,12.556479830294847,187.09638273529708,,3.8144178688526154e-05,685.0944211231545,2.873595803976059e-05,,48.79502768907696,0,66,
67,50958.953753056,1784305909.6191664,0.3288094103336334,0.3540925681591034,0.001,2.834038616351698e-05,1.4442013129102844e-07,0,0,0.0004187931611953417,0,2.4748666286468506,-0.0221402607858181,-2.4748597145080566,2.4748666286468506,-0.0221402607858181,-2.4748597145080566,1,-0.014055803418159485,-0.5,1,-0.014055803418159485,-0.5,1120552,1120552,1120552,1120552.0,1120552,0,175.41552734375,53.64770269393921,57.73828125,0.32869277835656036,1599.9253875428824,700.377660561353,1120552,0,686,634.4107055664062,599,0,0.6138392686843872,2048,1866.8214111328125,453,0.6138392686843872,2048,1866.8214111328125,453,5.7355928855303046e-06,0.48281828513972186,0.01109198188349142,0.04314721533673392,0.006427030079066753,403.7983133206144,384.24517822265625,384.24517822265625,384.24517822265625,0,13.029410920105875,12.429142483510077,222.75438584946096,,2.748798578977585e-05,700.377660561353,3.148801624774933e-05,,48.348698440007865,0,67,
68,51656.973800358,1784306585.2552521,0.33078840374946594,0.3614438474178314,0.001,2.7539106185384072e-05,1.4660831509846828e-07,0,0,0.0003319921147058081,0,2.4748458862304688,-0.01723981462419033,-2.4748597145080566,2.4748458862304688,-0.01723981462419033,-2.4748597145080566,1,-0.020626114681363106,-0.5,1,-0.020626114681363106,-0.5,1143647,1143647,1143647,1143647.0,1143647,0,175.494873046875,53.64770269393921,57.73828125,0.3299202640876576,1692.7442206907353,675.6171346036717,1143647,0,724,637.9642944335938,597,0,0.6629464030265808,2048,1914.8192138671875,607,0.6629464030265808,2048,1914.8192138671875,607,5.674580881656771e-06,0.4916038249966931,0.01107524856732239,0.04306658979897329,0.006489717401564121,421.7169336313382,402.1649169921875,402.1649169921875,402.1649169921875,0,13.252382170408964,12.66617479827255,178.71093727089465,,4.598405212163925e-05,675.6171346036717,3.0304305255413055e-05,,49.25297622382641,0,68,
69,52358.104857093,1784307283.2752402,0.32588979601860046,0.3372422158718109,0.001,2.8039462468230487e-05,1.487964989059081e-07,0,0,0.0003232904987549884,0,2.4748666286468506,-0.018308687955141068,-2.4748597145080566,2.4748666286468506,-0.018308687955141068,-2.4748597145080566,1,-0.01717354916036129,-0.5,1,-0.01717354916036129,-0.5,1146018,1146018,1146018,1146018.0,1146018,0,175.30438232421875,53.64770269393921,57.73828125,0.33027902288491656,1641.841722086624,698.0075999917462,1146018,0,713,640.0178833007812,600,0,0.6383928656578064,2048,1918.0579833984375,969,0.6383928656578064,2048,1918.0579833984375,969,5.615260315407751e-06,0.49226613689105736,0.0110843111668328,0.04301418229934459,0.00643518939614296,422.9993687691167,403.3607177734375,403.3607177734375,403.3607177734375,0,13.290949133224785,12.702820114791393,199.7024293784052,,2.9567629098892212e-05,698.0075999917462,2.921558916568756e-05,,49.295027170330286,0,69,
70,53049.537047265,1784307984.4063413,0.3314669728279114,0.3710486590862274,0.001,2.788046048389871e-05,1.5098468271334792e-07,0,0,0.00030015772181843424,0,2.4748666286468506,-0.01573758013546467,-2.4748597145080566,2.4748666286468506,-0.01573758013546467,-2.4748597145080566,1,-0.019179686903953552,-0.5,1,-0.019179686903953552,-0.5,1141868,1141868,1141868,1141868.0,1141868,0,175.63421630859375,53.64770269393921,57.73828125,0.3295479473265822,1628.6374347364556,701.1186011359096,1141868,0,692,637.3928833007812,599,0,0.640625,2048,1911.419677734375,367,0.640625,2048,1911.419677734375,367,5.631548730517517e-06,0.5085970557993295,0.011061704006998001,0.043101234310909134,0.006430485285818577,435.5197964338586,415.8547668457031,415.8547668457031,415.8547668457031,0,13.225623240694404,12.631005831062794,190.50870835408568,,2.9311515390872955e-05,701.1186011359096,3.033597022294998e-05,,49.21592022012919,0,70,
71,53742.627047395,1784308675.838495,0.32652944326400757,0.32511433959007263,0.001,2.8893520646640668e-05,1.5317286652078773e-07,0,0,0.000524980660494683,0,2.4748666286468506,-0.028818458318710327,-2.4748597145080566,2.4748666286468506,-0.028818458318710327,-2.4748597145080566,1,-0.018729910254478455,-0.5,1,-0.018729910254478455,-0.5,1139795,1139795,1139795,1139795.0,1139795,0,175.51031494140625,53.64770269393921,57.73828125,0.32988033828539126,1648.4853108059147,691.4195671193302,1139795,0,712,635.5535888671875,598,0,0.6540178656578064,2048,1908.6317138671875,521,0.6540178656578064,2048,1908.6317138671875,521,5.668266661883292e-06,0.4949317376104835,0.011077580152086972,0.043050174627086,0.0064606619998812675,423.19979608338326,403.6543273925781,403.6543273925781,403.6543273925781,0,13.22648826148361,12.62617046944797,193.28173968289047,,2.694409340620041e-05,691.4195671193302,3.123283386230469e-05,,49.06837378907949,0,71,
72,54412.98014076,1784309368.9285283,0.32900354266166687,0.3007371425628662,0.001,2.9028310508488635e-05,1.5536105032822758e-07,0,0,5.9085426945952057e-05,0,2.4748666286468506,-0.005747360177338123,-2.4748597145080566,2.4748666286468506,-0.005747360177338123,-2.4748597145080566,1,0.0033755581825971603,-0.5,1,0.0033755581825971603,-0.5,1145592,1145592,1145592,1145592.0,1145592,0,175.428466796875,53.64770269393921,57.73828125,0.33025569649304853,1652.9101568727924,693.0757822720334,1145592,0,689,635.1785888671875,600,0,0.6651785969734192,2048,1921.9464111328125,636,0.6651785969734192,2048,1921.9464111328125,636,5.493996894683254e-06,0.5102082844962395,0.011064237732128081,0.043019055993282214,0.006293878890573978,439.30565961636603,419.818603515625,419.818603515625,419.818603515625,0,13.280289934016764,12.675102232024074,178.51513105724007,,3.7536025047302246e-05,693.0757822720334,2.8992071747779846e-05,,49.28228639345616,0,72,
73,55077.530808022,1784310039.2816312,0.32650521397590637,0.3164352774620056,0.001,2.985941174134793e-05,1.575492341356674e-07,0,0,0.0003712392009424083,0,2.4748666286468506,-0.021081386134028435,-2.4748597145080566,2.4748666286468506,-0.021081386134028435,-2.4748597145080566,1,-0.005562500096857548,-0.5,1,-0.005562500096857548,-0.5,1129012,1129012,1129012,1129012.0,1129012,0,175.8157958984375,53.64770269393921,57.73828125,0.3289571939802655,1684.2403090883256,670.3390210457146,1129012,0,696,636.3392944335938,597,0,0.6428571343421936,2048,1883.7767333984375,432,0.6428571343421936,2048,1883.7767333984375,432,5.884296629026222e-06,0.5007287849707951,0.011093953111688747,0.04314174179466989,0.006643441505730152,422.58104495797306,403.0738830566406,403.0738830566406,403.0738830566406,0,13.121722078882158,12.525206190533936,173.38625824823976,,3.548804670572281e-05,670.3390210457146,3.231968730688095e-05,,48.70754418708384,0,73,
74,55763.637803384,1784310703.8322122,0.3351280391216278,0.22591985762119293,0.001,2.7446001398374744e-05,1.597374179431072e-07,0,0,0.00020476320356947885,0,2.4748666286468506,-0.011244718916714191,-2.4748597145080566,2.4748666286468506,-0.011244718916714191,-2.4748597145080566,1,-0.0059084827080369,-0.5,1,-0.0059084827080369,-0.5,1146335,1146335,1146335,1146335.0,1146335,0,175.6552734375,53.64770269393921,57.73828125,0.33006349308894783,1725.574147904719,664.320916833356,1146335,0,693,631.9821166992188,593,0,0.671875,2048,1926.8013916015625,574,0.671875,2048,1926.8013916015625,574,5.845931465848399e-06,0.49337939020294114,0.011065975440907299,0.043049713651029144,0.006701395846903324,425.8885432789102,406.196044921875,406.196044921875,406.196044921875,0,13.321247895248234,12.68531495705247,163.0538768740371,,0.00013788696378469467,664.320916833356,3.0463561415672302e-05,,49.349393498152494,1,74,
75,56440.960141703,1784311389.9393032,0.33195212483406067,0.30698761343955994,0.001,2.853499957994672e-05,1.6192560175054703e-07,0,0,0.00023426975234060033,0,2.4748666286468506,-0.013442393392324448,-2.4748597145080566,2.4748666286468506,-0.013442393392324448,-2.4748597145080566,1,-0.01092466525733471,-0.5,1,-0.01092466525733471,-0.5,1148732,1148732,1148732,1148732.0,1148732,0,175.80859375,53.64770269393921,57.73828125,0.33172427669986637,1674.3073836231563,686.093850648962,1148732,0,708,639.4285888671875,603,0,0.6607142686843872,2048,1924.705322265625,564,0.6607142686843872,2048,1924.705322265625,564,5.632608823646934e-06,0.4985203347732905,0.01108576029701308,0.042843262934628985,0.006470357999205589,429.8581320242956,410.52276611328125,410.52276611328125,410.52276611328125,0,13.34159457217902,12.73456759750843,180.9272095458582,,3.0240043997764587e-05,686.093850648962,3.0399300158023834e-05,,49.21542711742222,1,75,
76,57124.256716384,1784312067.2615287,0.3241937756538391,0.31974029541015625,0.001,2.8124986264239332e-05,1.6411378555798687e-07,0,0,0.00014584022900802364,0,2.4748666286468506,-0.01033464539796114,-2.4748597145080566,2.4748666286468506,-0.01033464539796114,-2.4748597145080566,1,-0.0159481018781662,-0.5,1,-0.0159481018781662,-0.5,1138919,1138919,1138919,1138919.0,1138919,0,175.8533935546875,53.64770269393921,57.73828125,0.32991409118147963,1681.5335733487318,677.3096999377012,1138919,0,690,631.7678833007812,595,0,0.6584821343421936,2048,1910.4620361328125,436,0.6584821343421936,2048,1910.4620361328125,436,5.716681347478334e-06,0.494295540547387,0.011076620015285863,0.043042555012235535,0.0065108370035886765,423.0611273124814,403.49798583984375,403.49798583984375,403.49798583984375,0,13.201977155171335,12.61537299118936,179.39193565119058,,2.6943162083625793e-05,677.3096999377012,3.203097730875015e-05,,49.02198371198028,1,76,
77,57796.697951019,1784312750.5581985,0.3312755823135376,0.287848562002182,0.001,2.8516940875881708e-05,1.6630196936542669e-07,0,0,0.0003140458147568932,0,2.4748666286468506,-0.016799431294202805,-2.4748597145080566,2.4748666286468506,-0.016799431294202805,-2.4748597145080566,1,-0.0012137272860854864,-0.5,1,-0.0012137272860854864,-0.5,1147622,1147622,1147622,1147622.0,1147622,0,176.796142578125,53.64770269393921,57.73828125,0.3299707683403003,1679.5681911859688,683.2839571638033,1147622,0,729,640.7678833007812,601,0,0.7008928656578064,2048,1920.888427734375,477,0.7008928656578064,2048,1920.888427734375,477,5.708992888577688e-06,0.502414302663966,0.011097875148325831,0.04308072725802176,0.006551765836775303,432.3566474718973,412.58074951171875,412.58074951171875,412.58074951171875,0,13.320698672905564,12.736165673471987,175.41298426128924,,2.8320588171482086e-05,683.2839571638033,3.017578274011612e-05,,49.44039037730545,1,77,
78,58492.053180878,1784313422.999428,0.3311900794506073,0.28980082273483276,0.001,2.9067715350182117e-05,1.6849015317286653e-07,0,0,0.00030484923501011954,0,2.4748666286468506,-0.01680709235370159,-2.4748597145080566,2.4748666286468506,-0.01680709235370159,-2.4748597145080566,1,-0.010029017925262451,-0.5,1,-0.010029017925262451,-0.5,1148036,1148036,1148036,1148036.0,1148036,0,176.23187255859375,53.64770269393921,57.73828125,0.3297481787544423,1707.3121294974821,672.423032769002,1148036,0,689,643.6607055664062,596,0,0.6830357313156128,2048,1918.919677734375,342,0.6830357313156128,2048,1918.919677734375,342,5.506384001761781e-06,0.49661567097801373,0.011110203910425921,0.0431006471976669,0.006321527063846588,426.92857356369495,407.4922790527344,407.4922790527344,407.4922790527344,0,13.327025134116411,12.754914056509733,169.91473159566522,,4.860665649175644e-05,672.423032769002,3.0464492738246918e-05,,49.48109460622072,1,78,
79,59177.169378172,1784314118.354753,0.33009999990463257,0.34571072459220886,0.001,2.9668121841291855e-05,1.7067833698030634e-07,0,0,0.00011796097661150568,0,2.4748666286468506,-0.007240565959364176,-2.4748597145080566,2.4748666286468506,-0.007240565959364176,-2.4748597145080566,1,-0.011584264226257801,-0.5,1,-0.011584264226257801,-0.5,1134418,1134418,1134418,1134418.0,1134418,0,176.3712158203125,53.64770269393921,57.73828125,0.3292863819526778,1631.4514254923508,695.3427986111492,1134418,0,696,636.8214111328125,597,0,0.6183035969734192,2048,1895.361572265625,507,0.6183035969734192,2048,1895.361572265625,507,8.0935565180884e-06,0.5026183625659028,0.011093460177732297,0.04311037406308737,0.009181476198136806,426.7843092586845,407.3910827636719,407.3910827636719,407.3910827636719,0,13.188857016153634,12.584620907902718,193.86040364392102,,2.998393028974533e-05,695.3427986111492,3.0431896448135376e-05,,48.90518432389945,1,79,
80,59867.744673146,1784314803.470727,0.3277733623981476,0.32991984486579895,0.001,2.9725353632951438e-05,1.7286652078774616e-07,0,0,0.00013398297708089538,0,2.4748666286468506,-0.007924970239400864,-2.4748597145080566,2.4748666286468506,-0.007924970239400864,-2.4748597145080566,1,-0.02649274654686451,-0.5,1,-0.02649274654686451,-0.5,1141456,1141456,1141456,1141456.0,1141456,0,176.1715087890625,53.64770269393921,57.73828125,0.3295629406179782,1666.1075188659545,685.1034444505349,1141456,0,715,640.1071166992188,600,0,0.6383928656578064,2048,1907.7857666015625,673,0.6383928656578064,2048,1907.7857666015625,673,5.629629139684e-06,0.4977654071756777,0.011081205781792969,0.04309536591405502,0.0064259739592671394,425.4341203281656,405.922119140625,405.922119140625,405.922119140625,0,13.257137310691178,12.648708826862276,184.55517931468785,,2.6783905923366547e-05,685.1034444505349,3.0623748898506165e-05,,49.191463994793594,1,80,
81,60557.1244295,1784315494.0462317,0.32300835847854614,0.34721407294273376,0.001,2.9355479510945303e-05,1.7505470459518598e-07,0,0,0.00038321773291147336,0,2.4748666286468506,-0.020894786342978477,-2.4748597145080566,2.4748666286468506,-0.020894786342978477,-2.4748597145080566,1,-0.01533258892595768,-0.5,1,-0.01533258892595768,-0.5,1134766,1134766,1134766,1134766.0,1134766,0,176.6259765625,53.64770269393921,57.73828125,0.32969507453996516,1643.2479532499249,690.5628561750054,1134766,0,766,640.6071166992188,597,0,0.6339285969734192,2048,1892.3526611328125,670,0.6339285969734192,2048,1892.3526611328125,670,5.633942421434788e-06,0.49506899288241973,0.011087647713419366,0.043062543588931884,0.0063932063058018684,419.7066203719005,400.1851806640625,400.1851806640625,400.1851806640625,0,13.173040546476841,12.58188564516604,196.21827583108097,,2.815946936607361e-05,690.5628561750054,2.9599294066429138e-05,,48.86591033823788,1,81,
82,61235.003567081,1784316183.4259932,0.3278837502002716,0.3541364073753357,0.001,2.999261956500383e-05,1.772428884026258e-07,0,0,0.00032005717756484434,0,2.4748666286468506,-0.018277768045663834,-2.4748597145080566,2.4748666286468506,-0.018277768045663834,-2.4748597145080566,1,-0.01471093762665987,-0.5,1,-0.01471093762665987,-0.5,1139836,1139836,1139836,1139836.0,1139836,0,176.24224853515625,53.64770269393921,57.73828125,0.32955657306930985,1653.4798729264535,689.3558359332383,1139836,0,682,632,598,0,0.6607142686843872,2048,1912.2767333984375,598,0.6607142686843872,2048,1912.2767333984375,598,5.637265061005519e-06,0.5066926952549742,0.011094876805593538,0.043089280206433225,0.006425557658076286,434.0836320249364,414.63702392578125,414.63702392578125,414.63702392578125,0,13.24208924267441,12.646339998580515,180.2520456314087,,4.937499761581421e-05,689.3558359332383,3.2288022339344025e-05,,49.11471279338002,1,82,
83,61910.603146236,1784316861.3050663,0.32658541202545166,0.3057747483253479,0.001,3.0878453075348836e-05,1.7943107221006564e-07,0,0,0.0001729099213309605,0,2.4748666286468506,-0.009176013059914112,-2.4748597145080566,2.4748666286468506,-0.009176013059914112,-2.4748597145080566,1,-0.001779017155058682,-0.5,1,-0.001779017155058682,-0.5,1139506,1139506,1139506,1139506.0,1139506,0,176.49029541015625,53.64770269393921,57.73828125,0.3297166490215442,1681.0178419513602,677.8666897891089,1139506,0,706,636.4821166992188,597,0,0.6383928656578064,2048,1907.0579833984375,424,0.6383928656578064,2048,1907.0579833984375,424,5.647856075191045e-06,0.4913758014400215,0.011076020419553322,0.04306726520652751,0.006435765884816647,419.81281246989965,400.4653625488281,400.4653625488281,400.4653625488281,0,13.227241462096572,12.621191724203527,183.11261016409844,,2.8224661946296692e-05,677.8666897891089,3.167986869812012e-05,,49.07540710642934,1,83,
84,62599.23224208,1784317536.9045758,0.32564011216163635,0.32261303067207336,0.001,3.079910207556428e-05,1.8161925601750548e-07,0,0,0.0002799790433657888,0,2.4748666286468506,-0.016659123823046684,-2.4748597145080566,2.4748666286468506,-0.016659123823046684,-2.4748597145080566,1,-0.012491070665419102,-0.5,1,-0.012491070665419102,-0.5,1127734,1127734,1127734,1127734.0,1127734,0,176.3392333984375,53.64770269393921,57.73828125,0.3290595301825092,1669.2654958172748,675.5869589503855,1127734,0,727,634.6964111328125,597,0,0.6071428656578064,2048,1882.5670166015625,667,0.6071428656578064,2048,1882.5670166015625,667,5.7572630710987525e-06,0.4814785460684234,0.01109621287377057,0.0431136087103057,0.006492661312222481,406.0741909686476,386.4980163574219,386.4980163574219,386.4980163574219,0,13.086156386882067,12.513576528988779,195.27534058038145,,2.940744161605835e-05,675.5869589503855,3.017578274011612e-05,,48.62068240530789,1,84,
85,63285.763605027,1784318225.5337684,0.3334226608276367,0.31205102801322937,0.001,2.9559093064210394e-05,1.838074398249453e-07,0,0,0.0003029255717499799,0,2.474865436553955,-0.017137428745627403,-2.4748597145080566,2.474865436553955,-0.017137428745627403,-2.4748597145080566,1,-0.015995535999536514,-0.5,1,-0.015995535999536514,-0.5,1140023,1140023,1140023,1140023.0,1140023,0,176.352783203125,53.64770269393921,57.73828125,0.3295182527634699,1655.5267986384708,688.6164578776807,1140023,0,712,637.8928833007812,601,0,0.6875,2048,1906.8013916015625,554,0.6875,2048,1906.8013916015625,554,5.709883142893517e-06,0.5063505728234522,0.01107144878443177,0.04310904928879132,0.0065093981102108955,432.54845778271556,413.07720947265625,413.07720947265625,413.07720947265625,0,13.229102987796068,12.62170625757426,181.05463376175612,,2.8864480555057526e-05,688.6164578776807,3.254413604736328e-05,,49.14530769735575,1,85,
86,63964.000498016,1784318912.0649035,0.3264788091182709,0.33179429173469543,0.001,3.0615762829702174e-05,1.859956236323851e-07,0,0,0.00020202816798403972,0,2.4748666286468506,-0.010463859885931015,-2.4748597145080566,2.4748666286468506,-0.010463859885931015,-2.4748597145080566,1,-0.0004229913465678692,-0.5,1,-0.0004229913465678692,-0.5,1139421,1139421,1139421,1139421.0,1139421,0,176.61102294921875,53.64770269393921,57.73828125,0.3295972579630403,1659.7130634099715,686.5168595220894,1139421,0,724,638.1428833007812,600,0,0.6361607313156128,2048,1905.2076416015625,705,0.6361607313156128,2048,1905.2076416015625,705,5.636959351395091e-06,0.4949598173428272,0.01107799376191728,0.04308201760858628,0.006422869861125946,422.4645377760753,403.03448486328125,403.03448486328125,403.03448486328125,0,13.223302028141916,12.622498730197549,189.10020804498345,,3.577675670385361e-05,686.5168595220894,3.084726631641388e-05,,49.088555585592985,1,86,
87,64641.12991227,1784319590.3019874,0.32829657196998596,0.28907346725463867,0.001,3.0178803450437452e-05,1.8818380743982493e-07,0,0,0.00024389287775230346,0,2.4748666286468506,-0.014757920056581497,-2.4748597145080566,2.4748666286468506,-0.014757920056581497,-2.4748597145080566,1,-0.008243303745985031,-0.5,1,-0.008243303745985031,-0.5,1152698,1152698,1152698,1152698.0,1152698,0,176.92437744140625,53.64770269393921,57.73828125,0.3301746778033479,1699.582361398641,678.2242662552744,1152698,0,712,641.6071166992188,597,0,0.6808035969734192,2048,1931.3795166015625,641,0.6808035969734192,2048,1931.3795166015625,641,5.469621644893728e-06,0.506911874131911,0.01108203664878081,0.043058732030472044,0.00630482193082571,438.60955438762903,419.18255615234375,419.18255615234375,419.18255615234375,0,13.420513024553657,12.774241480976343,163.7695088405162,,2.8478913009166718e-05,678.2242662552744,3.081467002630234e-05,,49.633714294061065,1,87,
88,65323.495183754,1784320267.431361,0.32677680253982544,0.21863584220409393,0.001,3.1207507478883394e-05,1.9037199124726477e-07,0,0,0.00013857937211023643,0,2.4748666286468506,-0.007787811569869518,-2.4748597145080566,2.4748666286468506,-0.007787811569869518,-2.4748597145080566,1,-0.004455357324331999,-0.5,1,-0.004455357324331999,-0.5,1136017,1136017,1136017,1136017.0,1136017,0,176.9493408203125,53.64770269393921,57.73828125,0.32954041732780515,1677.7266736973077,677.11684972886,1136017,0,706,629.7678833007812,595,0,0.6339285969734192,2048,1905.984375,726,0.6339285969734192,2048,1905.984375,726,5.705792719766525e-06,0.4943953648247912,0.011089019335828164,0.04308087255070394,0.006481877528131008,422.1548085119575,402.8446350097656,402.8446350097656,402.8446350097656,0,13.191025977022946,12.597314478829503,180.21617190446705,,2.85441055893898e-05,677.11684972886,3.0848197638988495e-05,,48.940603592433035,1,88,
89,66002.215743161,1784320949.7966735,0.3293043375015259,0.2478640377521515,0.001,3.1191336180496845e-05,1.925601750547046e-07,0,0,6.0706705843753e-05,0,2.4748647212982178,-0.0025323955342173576,-2.4748597145080566,2.4748647212982178,-0.0025323955342173576,-2.4748597145080566,1,0.0004598216328304261,-0.5,1,0.0004598216328304261,-0.5,1138793,1138793,1138793,1138793.0,1138793,0,176.7147216796875,53.64770269393921,57.73828125,0.32871494870951473,1668.9211746573408,682.3527781255543,1138793,0,692,634.6071166992188,597,0,0.6383928656578064,2048,1907.341552734375,651,0.6383928656578064,2048,1907.341552734375,651,5.586847753068617e-06,0.5000541965010751,0.01110831932224376,0.043194363240420024,0.006362263113260269,427.2908103140071,407.7943115234375,407.7943115234375,407.7943115234375,0,13.220895356498659,12.650076285935938,179.98466693609953,,2.9214657843112946e-05,682.3527781255543,3.135856240987778e-05,,49.18943849764764,1,89,
90,66674.98072712,1784321628.51712,0.3259209990501404,0.3010776937007904,0.001,3.0373681028675265e-05,1.947483588621444e-07,0,0,0.00014507178572358142,0,2.4748666286468506,-0.007748092990368605,-2.4748597145080566,2.4748666286468506,-0.007748092990368605,-2.4748597145080566,1,-0.013495535589754581,-0.5,1,-0.013495535589754581,-0.5,1133923,1133923,1133923,1133923.0,1133923,0,176.742919921875,53.64770269393921,57.73828125,0.3297560745913647,1670.7387158614974,678.6955908993259,1133923,0,712,637.1428833007812,597,0,0.6272321343421936,2048,1893.935302734375,558,0.6272321343421936,2048,1893.935302734375,558,5.708907188604701e-06,0.49120613724914647,0.011098599001667573,0.04304495985967611,0.006473461166024208,416.78005695156753,397.0497131347656,397.0497131347656,397.0497131347656,0,13.197264009155333,12.584956675767899,187.30606444738805,,4.9758702516555786e-05,678.6955908993259,3.139115869998932e-05,,48.809670018963516,1,90,
91,67348.890945325,1784322301.2822263,0.3263983428478241,0.2688734233379364,0.001,3.084708556826274e-05,1.9693654266958422e-07,0,0,0.00032492613729341336,0,2.4748666286468506,-0.017361152917146683,-2.4748597145080566,2.4748666286468506,-0.017361152917146683,-2.4748597145080566,1,0.0014023437397554517,-0.5,1,0.0014023437397554517,-0.5,1154208,1154208,1154208,1154208.0,1154208,0,176.96112060546875,53.64770269393921,57.73828125,0.3303381272152926,1715.6509011470016,672.7522476911545,1154208,0,700,639.6785888671875,596,0,0.7053571343421936,2048,1936.6785888671875,551,0.7053571343421936,2048,1936.6785888671875,551,5.66322019607165e-06,0.5067908393743297,0.011076742491984296,0.043043831260767454,0.006536534056067467,439.7079495480284,420.2546081542969,420.2546081542969,420.2546081542969,0,13.400634615682065,12.78486479818821,157.15955411829054,,2.819206565618515e-05,672.7522476911545,3.248080611228943e-05,,49.68153439182788,1,91,
92,68017.818485089,1784322975.192405,0.32735055685043335,0.31879615783691406,0.001,3.1367862828453636e-05,1.9912472647702406e-07,0,0,0.0002983066334884509,0,2.4748666286468506,-0.017229203134775162,-2.4748597145080566,2.4748666286468506,-0.017229203134775162,-2.4748597145080566,1,-0.013040179386734962,-0.5,1,-0.013040179386734962,-0.5,1142482,1142482,1142482,1142482.0,1142482,0,177.51568603515625,53.64770269393921,57.77734375,0.3299153474970451,1695.3347831039187,673.8975755032152,1142482,0,728,640.5357055664062,597,0,0.65625,2048,1909.6473388671875,540,0.65625,2048,1909.6473388671875,540,5.7304752888038145e-06,0.48755886612261146,0.01107022741364503,0.04305639802219134,0.00654696486890316,417.1173362629488,397.58709716796875,397.58709716796875,397.58709716796875,0,13.256831973791122,12.647535555996,181.66763344220817,,2.9952265322208405e-05,673.8975755032152,3.107171505689621e-05,,49.19115972518921,1,92,
93,68710.937643036,1784323644.1199465,0.3259435296058655,0.2978302538394928,0.001,3.232476232443907e-05,2.013129102844639e-07,0,0,0.0002708960759895378,0,2.4748666286468506,-0.014716017059981823,-2.4748597145080566,2.4748666286468506,-0.014716017059981823,-2.4748597145080566,1,-0.004901786334812641,-0.5,1,-0.004901786334812641,-0.5,1125845,1125845,1125845,1125845.0,1125845,0,176.47900390625,53.64770269393921,57.77734375,0.32911362513681663,1683.0914712033414,668.9149218937382,1125845,0,695,632.4821166992188,595,0,0.6540178656578064,2048,1880.564697265625,468,0.6540178656578064,2048,1880.564697265625,468,5.754674239224893e-06,0.49095787224236415,0.011110177329472577,0.04311052258095686,0.006478871218860149,413.6285706590861,394.1846618652344,394.1846618652344,394.1846618652344,0,13.092040777206421,12.508337595500052,181.1332037327811,,2.815946936607361e-05,668.9149218937382,3.084726631641388e-05,,48.53576629515737,1,93,
94,69398.326998867,1784324337.2390893,0.33014050126075745,0.3464702367782593,0.001,3.145383190564402e-05,2.0350109409190372e-07,0,0,0.00034442556274630727,0,2.4748666286468506,-0.0184573233127594,-2.4748597145080566,2.4748666286468506,-0.0184573233127594,-2.4748597145080566,1,-0.013046875596046448,-0.5,1,-0.013046875596046448,-0.5,1145779,1145779,1145779,1145779.0,1145779,0,177.3701171875,53.709179401397705,57.9921875,0.3297062822547826,1653.110802465203,693.1047805696726,1145779,0,743,637.9642944335938,598,0,0.6517857313156128,2048,1919.578125,571,0.6517857313156128,2048,1919.578125,571,5.561664809453235e-06,0.5022262882395291,0.0110895681869732,0.043097353266641526,0.006372438743710518,431.90004332363605,412.3148498535156,412.3148498535156,412.3148498535156,0,13.29811139497906,12.706194347701967,185.8035021480173,,3.3630989491939545e-05,693.1047805696726,3.0207447707653046e-05,,49.38004232849926,1,94,
95,70094.63659196,1784325024.6284213,0.32724878191947937,0.26140403747558594,0.001,3.1644420789457305e-05,2.0568927789934354e-07,0,0,9.910947618645507e-05,0,2.4748666286468506,-0.005464179441332817,-2.4748597145080566,2.4748666286468506,-0.005464179441332817,-2.4748597145080566,1,-0.009809710085391998,-0.5,1,-0.009809710085391998,-0.5,1134949,1134949,1134949,1134949.0,1134949,0,176.8502197265625,53.709179401397705,57.9921875,0.3294917956822084,1651.130677791337,687.3768474329263,1134949,0,724,636.7142944335938,594,0,0.6116071343421936,2048,1896.654052734375,488,0.6116071343421936,2048,1896.654052734375,488,7.962244311824553e-06,0.49362119243550356,0.011089873527010493,0.04307739545518116,0.009036741219460964,419.4304208336398,399.7406921386719,399.7406921386719,399.7406921386719,0,13.167032537981868,12.586440869607031,193.2829449828714,,2.90554016828537e-05,687.3768474329263,3.0720606446266174e-05,,48.89064689446241,1,95,
96,70757.299432444,1784325720.9380705,0.32502201199531555,0.2765069901943207,0.001,3.203639262581567e-05,2.0787746170678336e-07,0,0,0.00021294885278175753,0,2.4748666286468506,-0.01245384756475687,-2.4748597145080566,2.4748666286468506,-0.01245384756475687,-2.4748597145080566,1,-0.006016741041094065,-0.5,1,-0.006016741041094065,-0.5,1132738,1132738,1132738,1132738.0,1132738,0,176.787353515625,53.709179401397705,57.9921875,0.3292886145394898,1626.802762386763,696.2970718946308,1132738,0,722,638.0892944335938,601,0,0.5803571343421936,2048,1890.34375,643,0.5803571343421936,2048,1890.34375,643,5.638125037205033e-06,0.4909742521201432,0.01109997180950748,0.043098116374534964,0.006386518478393555,415.7933287899941,396.34893798828125,396.34893798828125,396.34893798828125,0,13.152604345232248,12.573359867557883,205.94223074428737,,2.883095294237137e-05,696.2970718946308,3.145541995763779e-05,,48.81887414585799,1,96,
97,71430.847496391,1784326383.600899,0.32443317770957947,0.22739478945732117,0.001,3.379976624273695e-05,2.1006564551422317e-07,0,0,4.251090348941721e-05,0,2.4748666286468506,-0.0018981011817231774,-2.4748597145080566,2.4748666286468506,-0.0018981011817231774,-2.4748597145080566,1,-9.821435378398746e-05,-0.5,1,-9.821435378398746e-05,-0.5,1135837,1135837,1135837,1135837.0,1135837,0,176.2962646484375,53.709179401397705,57.9921875,0.3296970288284567,1714.082095030834,662.6502915425226,1135837,0,699,635.2321166992188,603,0,0.6361607313156128,2048,1900.1182861328125,587,0.6361607313156128,2048,1900.1182861328125,587,5.579214524793186e-06,0.49022926008235285,0.0110797190954449,0.04305826110419212,0.006337078288197517,417.3091283328831,397.87017822265625,397.87017822265625,397.87017822265625,0,13.181929159909487,12.58475489821285,170.65041301492602,,2.6783905923366547e-05,662.6502915425226,2.950243651866913e-05,,48.90716611780226,1,97,
98,72092.905474106,1784327057.1489346,0.32662829756736755,0.29473358392715454,0.001,3.4604832948463474e-05,2.12253829321663e-07,0,0,-3.6142060262322248e-06,0,2.4748666286468506,6.044109250069596e-05,-2.4748597145080566,2.4748666286468506,6.044109250069596e-05,-2.4748597145080566,1,-0.010026226751506329,-0.5,1,-0.010026226751506329,-0.5,1128290,1128290,1128290,1128290.0,1128290,0,176.333251953125,53.709179401397705,57.9921875,0.32942661174028365,1675.2068250692707,673.5228051338345,1128290,0,685,635.6785888671875,604,0,0.6049107313156128,2048,1882.825927734375,543,0.6049107313156128,2048,1882.825927734375,543,5.628899806796485e-06,0.48429687622182965,0.011076724610574353,0.0430729656574657,0.0063510313630104065,408.50732087437063,389.0660095214844,389.0660095214844,389.0660095214844,0,13.101600809022784,12.497757610864937,190.80036492086947,,4.569627344608307e-05,673.5228051338345,3.078393638134003e-05,,48.59879642166197,1,98,
99,74616.946595446,1784327719.2070663,0.3322114646434784,0.3096161484718323,0.001,3.377899149051458e-05,2.1444201312910283e-07,0,0,0.00012730777843342143,0,2.4748666286468506,-0.006927472539246082,-2.4748597145080566,2.4748666286468506,-0.006927472539246082,-2.4748597145080566,1,-0.000546875293366611,-0.5,1,-0.000546875293366611,-0.5,1131067,1131067,1131067,1131067.0,1131067,0,176.3548583984375,53.709179401397705,57.9921875,0.3282305177668205,1708.4428402932765,662.0455617969856,1131067,0,670,635.3214111328125,596,0,0.6473214030265808,2048,1889.3817138671875,549,0.6473214030265808,2048,1889.3817138671875,549,5.597396334079206e-06,0.48986911313404563,0.011099375293741888,0.04324043692476133,0.0063310302793979645,414.646281728521,395.20806884765625,395.20806884765625,395.20806884765625,0,13.151126213371754,12.554137115366757,172.76932592969388,,2.6367604732513428e-05,662.0455617969856,3.1167641282081604e-05,,48.90783127117902,1,99,
100,2524.283319954,1784590467.4133883,0.33149898052215576,0.29307296872138977,0.001,3.310485560493306e-05,2.1663019693654268e-07,0,0,0.0001907229598331543,0,2.4748666286468506,-0.01074867695569992,-2.4748597145080566,2.4748666286468506,-0.01074867695569992,-2.4748597145080566,1,0.00493136141449213,-0.5,1,0.00493136141449213,-0.5,1155873,1155873,1155873,1155873.0,1155873,0,176.46295166015625,53.709179401397705,57.9921875,0.33002143838232306,1717.9946301516525,672.8036163290963,1155873,0,703,636.625,602,0,0.6941964030265808,2048,1943.4486083984375,642,0.6941964030265808,2048,1943.4486083984375,642,5.529733477253775e-06,0.49437647179509064,0.011087291555649635,0.04308700425406485,0.006391669623553753,430.4362908154726,410.9122314453125,410.9122314453125,410.9122314453125,0,13.412352778948843,12.81550095230341,166.31960571091622,24.03398260846734,2.9471702873706818e-05,672.8036163290963,4.665646702051163e-05,1827.1907114470378,49.8031048681587,1,100,-0.01666349998716032
101,3198.265645206,1784591144.5769827,0.32743799686431885,0.3029673993587494,0.001,3.482755149592294e-05,2.188183807439825e-07,0,0,0.00029242077901898836,0,2.4748666286468506,-0.015561460517346859,-2.4748597145080566,2.4748666286468506,-0.015561460517346859,-2.4748597145080566,1,0.010857701301574707,-0.5,1,0.010857701301574707,-0.5,1141102,1141102,1141102,1141102.0,1141102,0,172.52374267578125,52.92549657821655,57.015625,0.32125619525139043,1685.7006766347092,676.9303802369395,1141102,0,683,638.1785888671875,602,0,0.6428571343421936,2048,1908.924072265625,516,0.6428571343421936,2048,1908.924072265625,516,2.6131650785613852e-05,0.4945293705855251,0.012638795589656929,0.0441785185225005,0.02981887897476554,422.9205286659999,403.8203125,403.8203125,403.8203125,0,17.051163231022656,14.4221549249487,172.062402212061,,0.00012422294821590185,676.9303802369395,3.120000474154949e-05,,50.412195843062364,0,101,
102,3870.664072056,1784591818.5593853,0.32665860652923584,0.25120773911476135,0.001,3.566922161405031e-05,2.210065645514223e-07,0,0,0.0001388650633423228,0,2.4748666286468506,-0.00804934836924076,-2.4748597145080566,2.4748666286468506,-0.00804934836924076,-2.4748597145080566,1,0.010725446976721287,-0.5,1,0.010725446976721287,-0.5,1141664,1141664,1141664,1141664.0,1141664,0,168.903076171875,52.92549657821655,57.015625,0.3304180878236528,1693.9466027718765,673.9669350449694,1141664,0,676,631.7142944335938,594,0,0.6696428656578064,2048,1916.642822265625,675,0.6696428656578064,2048,1916.642822265625,675,5.595614900055482e-06,0.4980853358073308,0.01107522951235005,0.04299120093304366,0.006388312089256942,427.6839621029794,408.21270751953125,408.21270751953125,408.21270751953125,0,13.2223281620536,12.644190825987607,171.31843666394707,,3.9134989492595196e-05,673.9669350449694,3.046402707695961e-05,,49.08150642202236,0,102,
103,4537.264968769,1784592490.9577103,0.33016708493232727,0.30074194073677063,0.001,3.507721740621788e-05,2.2319474835886212e-07,0,0,0.00010789436946280911,0,2.4748036861419678,-0.005165293347090483,-2.4748597145080566,2.4748036861419678,-0.005165293347090483,-2.4748597145080566,1,-0.005676339380443096,-0.5,1,-0.005676339380443096,-0.5,1144222,1144222,1144222,1144222.0,1144222,0,169.6541748046875,53.337109088897705,57.42578125,0.3302463125149788,1701.7454624527093,672.3814020639984,1144222,0,705,637.9642944335938,601,0,0.6651785969734192,2048,1916.1026611328125,698,0.6651785969734192,2048,1916.1026611328125,698,5.619487340908526e-06,0.499783079377836,0.011075948847270565,0.04302003026251263,0.006429941044189036,429.02079230104573,409.51837158203125,409.51837158203125,409.51837158203125,0,13.277087313006632,12.67334434192162,168.1689404490171,,4.211196210235357e-05,672.3814020639984,3.0399998649954796e-05,,49.224465067032725,0,103,
104,5208.153608939,1784593157.558606,0.32935458421707153,0.32773807644844055,0.001,3.512635317302014e-05,2.2538293216630197e-07,0,0,0.0002166692577943928,0,2.4748666286468506,-0.012394912540912628,-2.4748597145080566,2.4748666286468506,-0.012394912540912628,-2.4748597145080566,1,-0.008854352869093418,-0.5,1,-0.008854352869093418,-0.5,1139575,1139575,1139575,1139575.0,1139575,0,169.43426513671875,53.337109088897705,57.42578125,0.33010414641694946,1709.5816137621944,666.5812212920282,1139575,0,690,633.2142944335938,597,0,0.6473214030265808,2048,1910.4798583984375,455,0.6473214030265808,2048,1910.4798583984375,455,5.702297724548868e-06,0.48407018128854545,0.011077163525809487,0.04302313865520573,0.006498195929452777,414.3132478139596,394.7930908203125,394.7930908203125,394.7930908203125,0,13.192943310015835,12.623258624924347,177.40708404709585,,4.0544080547988415e-05,666.5812212920282,3.12320189550519e-05,,49.028093233006075,0,104,
105,5890.077988403,1784593828.4473164,0.3326542377471924,0.31352850794792175,0.001,3.51251646676172e-05,2.2757111597374178e-07,0,0,0.00011013210034285963,0,2.4748666286468506,-0.005981855094432831,-2.4748597145080566,2.4748666286468506,-0.005981855094432831,-2.4748597145080566,1,0.0023660713341087103,-0.5,1,0.0023660713341087103,-0.5,1135192,1135192,1135192,1135192.0,1135192,0,169.94525146484375,53.337109088897705,57.42578125,0.33204731021466927,1692.1038379689446,670.8760860459879,1135192,0,697,633.1428833007812,599,0,0.6495535969734192,2048,1900.767822265625,431,0.6495535969734192,2048,1900.767822265625,431,5.70277978741716e-06,0.49244731343297365,0.011061288175918633,0.04276395970469136,0.006473749992437661,419.3405550699681,399.8522033691406,399.8522033691406,399.8522033691406,0,13.18927465705201,12.556685846997425,177.2276723239338,,2.7136062271893024e-05,670.8760860459879,3.1167990528047085e-05,,48.54530494508799,0,105,
106,6593.838792285,1784594510.3716521,0.3280121386051178,0.30562812089920044,0.001,3.518543409733624e-05,2.297592997811816e-07,0,0,0.00024207167994713278,0,2.4748666286468506,-0.013105947524309158,-2.4748597145080566,2.4748666286468506,-0.013105947524309158,-2.4748597145080566,1,-0.009694197215139866,-0.5,1,-0.009694197215139866,-0.5,1145121,1145121,1145121,1145121.0,1145121,0,170.322998046875,53.337109088897705,57.42578125,0.3301614966511697,1679.2801977160514,681.9118105230154,1145121,0,705,642.2678833007812,603,0,0.6517857313156128,2048,1913.8057861328125,542,0.6517857313156128,2048,1913.8057861328125,542,5.701256889057253e-06,0.49463023019174285,0.011068113728547267,0.043039670544845685,0.0065286289900541306,424.08853991294745,404.53277587890625,404.53277587890625,404.53277587890625,0,13.30250937200617,12.674329460947774,182.5443715179572,,2.950394991785288e-05,681.9118105230154,3.164797089993954e-05,,49.285630573984236,0,106,
107,7270.335694359,1784595214.132454,0.32657694816589355,0.34496545791625977,0.001,3.68279093259955e-05,2.3194748358862142e-07,0,0,0.00027856335821395205,0,2.4748666286468506,-0.01638835109770298,-2.4748597145080566,2.4748666286468506,-0.01638835109770298,-2.4748597145080566,1,-0.0018833710346370935,-0.5,1,-0.0018833710346370935,-0.5,1139999,1139999,1139999,1139999.0,1139999,0,170.19696044921875,53.337109088897705,57.42578125,0.330365253729163,1619.895805120994,703.74834998406,1139999,0,688,638.4107055664062,598,0,0.6227678656578064,2048,1906.2298583984375,427,0.6227678656578064,2048,1906.2298583984375,427,5.706774252713736e-06,0.5023174141214124,0.011059710175214283,0.042989742383062184,0.006505716941319406,428.97455080295913,409.50201416015625,409.50201416015625,409.50201416015625,0,13.23700820398517,12.608058540034108,199.90372880501673,,2.9311981052160263e-05,703.74834998406,3.1167990528047085e-05,,49.00826332694851,0,107,
108,7943.238442902,1784595890.6291673,0.3286617398262024,0.3078348636627197,0.001,3.7199863332456774e-05,2.3413566739606126e-07,0,0,0.00014887618156962513,0,2.4748666286468506,-0.007904229685664177,-2.4748597145080566,2.4748666286468506,-0.007904229685664177,-2.4748597145080566,1,-0.0053437501192092896,-0.5,1,-0.0053437501192092896,-0.5,1134372,1134372,1134372,1134372.0,1134372,0,170.1553955078125,53.337109088897705,57.42578125,0.33004022307577646,1676.8643812691425,676.4840452639619,1134372,0,685,631.3392944335938,597,0,0.6361607313156128,2048,1900.7410888671875,527,0.6361607313156128,2048,1900.7410888671875,527,5.627436149580639e-06,0.4891650390648996,0.011065278893584577,0.04301669500222109,0.006383605999872088,416.5396840450121,397.0024108886719,397.0024108886719,397.0024108886719,0,13.131942755077034,12.552142549073324,185.4468070260482,,2.8896029107272625e-05,676.4840452639619,2.9311981052160263e-05,,48.79693434305955,0,108,
109,8630.080054473,1784596563.531894,0.33098623156547546,0.3088277578353882,0.001,3.5473502734652245e-05,2.363238512035011e-07,0,0,0.00038280358321386227,0,2.4748666286468506,-0.02033855952322483,-2.4748597145080566,2.4748666286468506,-0.02033855952322483,-2.4748597145080566,1,-0.006236607674509287,-0.5,1,-0.006236607674509287,-0.5,1137494,1137494,1137494,1137494.0,1137494,0,170.332275390625,53.337109088897705,57.42578125,0.32996583583791445,1690.464826645487,672.8882979820482,1137494,0,679,637,604,0,0.6584821343421936,2048,1902.049072265625,419,0.6584821343421936,2048,1902.049072265625,419,5.727163380457417e-06,0.49735669001133775,0.011075945343031768,0.043036255207455576,0.0065146139822900295,423.8065879790811,404.2572326660156,404.2572326660156,404.2572326660156,0,13.16323740198277,12.598821372026578,174.34917735494673,,3.587198443710804e-05,672.8882979820482,2.9023969545960426e-05,,48.95348208094947,0,109,
110,9279.541444328,1784597250.3736763,0.3292750120162964,0.27076631784439087,0.001,3.72842744266619e-05,2.385120350109409e-07,0,0,0.0002159221969160004,0,2.4748666286468506,-0.012352922931313515,-2.4748597145080566,2.4748666286468506,-0.012352922931313515,-2.4748597145080566,1,0.004363839514553547,-0.5,1,0.004363839514553547,-0.5,1142638,1142638,1142638,1142638.0,1142638,0,170.73388671875,53.337109088897705,57.42578125,0.33227378769619276,1663.6470652306907,686.8271665790817,1142638,0,712,633.6607055664062,599,0,0.6473214030265808,2048,1916.8704833984375,611,0.6473214030265808,2048,1916.8704833984375,611,8.177737803215522e-06,0.5076726298934497,0.011063016663193913,0.04275130121004817,0.009344193967990577,435.9679323020391,416.40509033203125,416.40509033203125,416.40509033203125,0,13.252985486993566,12.641023233998567,176.09654411592055,,3.622402437031269e-05,686.8271665790817,3.16789373755455e-05,,48.84926131204702,0,110,
111,9945.491885959,1784597899.8350513,0.3240152895450592,0.2510118782520294,0.001,3.684298522153878e-05,2.407002188183807e-07,0,0,0.00015678671746970893,0,2.4748666286468506,-0.008895079605281353,-2.4748597145080566,2.4748666286468506,-0.008895079605281353,-2.4748597145080566,1,0.013404576107859612,-0.5,1,0.013404576107859612,-0.5,1144811,1144811,1144811,1144811.0,1144811,0,170.9542236328125,53.36586236953735,57.42578125,0.330247595574784,1762.752319253617,649.4451815469656,1144811,0,703,638.0535888671875,601,0,0.6964285969734192,2048,1917.328125,504,0.6964285969734192,2048,1917.328125,504,6.416472151617422e-06,0.4934824173927761,0.01108655521737726,0.043032993060925645,0.007345647900365293,423.8831376909511,404.2655334472656,404.2655334472656,404.2655334472656,0,13.279348241048865,12.692010364960879,150.3085949870292,,4.172802437096834e-05,649.4451815469656,2.9567978344857693e-05,,49.26464381907135,0,111,
112,10613.995870744,1784598565.785023,0.3280074894428253,0.24404685199260712,0.001,3.587168790471303e-05,2.4288840262582055e-07,0,0,0.00021727671593202547,0,2.4748666286468506,-0.012117697857320309,-2.4748597145080566,2.4748666286468506,-0.012117697857320309,-2.4748597145080566,1,0.0010178572265431285,-0.5,1,0.0010178572265431285,-0.5,1130579,1130579,1130579,1130579.0,1130579,0,171.3359375,53.457841873168945,57.77734375,0.32988367238242033,1697.7423084834425,665.930862623034,1130579,0,735,639.75,601,0,0.6316964030265808,2048,1883.8638916015625,537,0.6316964030265808,2048,1883.8638916015625,537,5.699499148608291e-06,0.493368461309685,0.01108963424228774,0.04302468542851324,0.006443734047934413,416.38867365999613,396.76031494140625,396.76031494140625,396.76031494140625,0,13.12610309291631,12.53770759201143,175.21923857403453,,4.777603317052126e-05,665.930862623034,2.934399526566267e-05,,48.642805827083066,0,112,
113,11287.407531562,1784599234.289589,0.32996803522109985,0.270619660615921,0.001,3.948766974719212e-05,2.450765864332604e-07,0,0,3.995756115004114e-05,0,2.4748666286468506,-0.002570131793618202,-2.4748597145080566,2.4748666286468506,-0.002570131793618202,-2.4748597145080566,1,-0.0007700893329456449,-0.5,1,-0.0007700893329456449,-0.5,1135425,1135425,1135425,1135425.0,1135425,0,171.4923095703125,53.457841873168945,57.77734375,0.33008268581113065,1698.487371355575,668.4918705599848,1135425,0,726,639.8214111328125,596,0,0.65625,2048,1894.609375,518,0.65625,2048,1894.609375,518,8.080318869689178e-06,0.4960430841684921,0.011089399463662811,0.043021564837863,0.009174596052616835,421.03392919595353,401.4594421386719,401.4594421386719,401.4594421386719,0,13.173807515995577,12.591181386029348,172.8259557239944,,3.0144001357257366e-05,668.4918705599848,3.0272058211266994e-05,,48.8477602560306,0,113,
114,11969.173722557,1784599907.701195,0.3272109627723694,0.2749187648296356,0.001,4.031806190828413e-05,2.4726477024070024e-07,0,0,4.556761639981471e-06,0,2.4748666286468506,-0.0008194464026018977,-2.4748597145080566,2.4748666286468506,-0.0008194464026018977,-2.4748597145080566,1,-0.0010954242898151278,-0.5,1,-0.0010954242898151278,-0.5,1138593,1138593,1138593,1138593.0,1138593,0,170.79443359375,53.457841873168945,57.77734375,0.3300677713659145,1690.8140615250886,673.3992967701051,1138593,0,675,634.2142944335938,599,0,0.6473214030265808,2048,1907.2879638671875,899,0.6473214030265808,2048,1907.2879638671875,899,8.20355913920971e-06,0.4930594028602748,0.011064507544027088,0.04301863112366589,0.009340515010990202,421.3020026650047,401.75048828125,401.75048828125,401.75048828125,0,13.205766491009854,12.597970838076435,177.2933637080714,,2.7392059564590454e-05,673.3992967701051,2.896005753427744e-05,,48.98071226698812,0,114,
115,12650.953139426,1784600589.46732,0.3273947834968567,0.27420249581336975,0.001,3.762538201081785e-05,2.4945295404814003e-07,0,0,0.00012610770381241084,0,2.4748666286468506,-0.006639508996158838,-2.4748597145080566,2.4748666286468506,-0.006639508996158838,-2.4748597145080566,1,-0.00232812506146729,-0.5,1,-0.00232812506146729,-0.5,1133565,1133565,1133565,1133565.0,1133565,0,170.873046875,53.457841873168945,57.77734375,0.3298501154014669,1662.719712707353,681.7535098289372,1133565,0,709,638.9107055664062,599,0,0.6450892686843872,2048,1891.3682861328125,496,0.6450892686843872,2048,1891.3682861328125,496,8.091094038471316e-06,0.49617768344914726,0.01107611492504215,0.04303931351271282,0.009171781013719738,420.4277250500163,400.8829345703125,400.8829345703125,400.8829345703125,0,13.113900383003056,12.555496215005405,186.84941038605757,,2.8672046028077602e-05,681.7535098289372,3.1392090022563934e-05,,48.78785942203831,0,115,
116,13316.296536992,1784601271.2468197,0.3309546411037445,0.24029766023159027,0.001,3.905936738396567e-05,2.516411378555798e-07,0,0,5.5717725909020436e-05,0,2.4748666286468506,-0.002831697463989258,-2.4748597145080566,2.4748666286468506,-0.002831697463989258,-2.4748597145080566,1,-0.004220982082188129,-0.5,1,-0.004220982082188129,-0.5,1133017,1133017,1133017,1133017.0,1133017,0,171.0550537109375,53.457841873168945,57.77734375,0.3299700204067481,1661.8834322019309,681.7668303599348,1133017,0,691,631.625,598,0,0.6383928656578064,2048,1897.4307861328125,447,0.6383928656578064,2048,1897.4307861328125,447,5.692769827880133e-06,0.4945471412859393,0.011100081044703352,0.04301702809928792,0.0064500049920752645,420.3893029029714,400.7883605957031,400.7883605957031,400.7883605957031,0,13.139980950043537,12.576580525026657,186.90506337303668,,2.9664020985364914e-05,681.7668303599348,3.132794518023729e-05,,48.7390241259709,0,116,
117,13982.292277391,1784601936.590172,0.32816219329833984,0.23367643356323242,0.001,3.828830802153881e-05,2.5382932166301966e-07,0,0,0.00013250138916340136,0,2.4748666286468506,-0.006750353612005711,-2.4748597145080566,2.4748666286468506,-0.006750353612005711,-2.4748597145080566,1,-0.0004397318116389215,-0.5,1,-0.0004397318116389215,-0.5,1138460,1138460,1138460,1138460.0,1138460,0,171.8319091796875,54.06354761123657,58.16796875,0.3299517446379457,1711.1233039489716,665.3290253090672,1138460,0,773,636.5714111328125,599,0,0.6517857313156128,2048,1904.6339111328125,571,0.6517857313156128,2048,1904.6339111328125,571,5.766910481534721e-06,0.4973068852879389,0.011059410038076764,0.043044479567161766,0.006565396906808019,424.3400298509514,404.78131103515625,404.78131103515625,404.78131103515625,0,13.23244461696595,12.590695951948874,166.14493576507084,,3.702403046190739e-05,665.3290253090672,2.95999925583601e-05,,49.004418208030984,0,117,
118,14652.162328203,1784602602.5860083,0.3295550048351288,0.2924821078777313,0.001,3.916586899080988e-05,2.560175054704595e-07,0,0,0.0001942230114114604,0,2.4748666286468506,-0.010541881434619427,-2.4748597145080566,2.4748666286468506,-0.010541881434619427,-2.4748597145080566,1,-0.002660714089870453,-0.5,1,-0.002660714089870453,-0.5,1153479,1153479,1153479,1153479.0,1153479,0,170.7752685546875,54.06354761123657,58.16796875,0.3326396677873289,1731.9991314638823,665.9812808480347,1153479,0,708,635.7857055664062,602,0,0.6785714030265808,2048,1938.9442138671875,620,0.6785714030265808,2048,1938.9442138671875,620,7.884186869115753e-06,0.4974922452883442,0.011071991879396009,0.042742674146662954,0.00909424398560077,432.1451463929843,412.549072265625,412.549072265625,412.549072265625,0,13.346951477928087,12.77131012105383,158.39575118303765,,3.843102604150772e-05,665.9812808480347,2.9600108973681927e-05,,49.30277703201864,0,118,
119,15319.484928338,1784603272.4560506,0.33572304248809814,0.27684518694877625,0.001,3.983396089431468e-05,2.582056892778993e-07,0,0,0.00020846418088435063,0,2.4748666286468506,-0.010458620265126228,-2.4748597145080566,2.4748666286468506,-0.010458620265126228,-2.4748597145080566,1,0.012734375894069672,-0.5,1,0.012734375894069672,-0.5,1138895,1138895,1138895,1138895.0,1138895,0,171.13470458984375,54.06354761123657,58.16796875,0.3323051835915616,1700.2137417686702,669.854014246026,1138895,0,666,632.3214111328125,601,0,0.6785714030265808,2048,1909.8548583984375,684,0.6785714030265808,2048,1909.8548583984375,684,5.812810583523396e-06,0.5024823670927462,0.011065199549562947,0.04274024031985024,0.006620180909521878,429.93145052006,410.2566833496094,410.2566833496094,410.2566833496094,0,13.214636525022797,12.602100440999493,165.41252372099552,,3.852706868201494e-05,669.854014246026,3.180804196745157e-05,,48.676645999075845,0,119,
120,15994.559854605,1784603939.7785792,0.3249744176864624,0.3435860574245453,0.001,4.4208557279044e-05,2.603938730853392e-07,0,0,0.00030770982325799306,0,2.4748666286468506,-0.016016462817788124,-2.4748597145080566,2.4748666286468506,-0.016016462817788124,-2.4748597145080566,1,0.004830357152968645,-0.5,1,0.004830357152968645,-0.5,1130469,1130469,1130469,1130469.0,1130469,0,171.22711181640625,54.06354761123657,58.16796875,0.3298795432931897,1694.085343356742,667.3034534140024,1130469,0,687,633.9464111328125,598,0,0.6294642686843872,2048,1889.421875,613,0.6294642686843872,2048,1889.421875,613,5.8604668127913096e-06,0.4953845859880226,0.011105068207986577,0.04301899224482838,0.0066250760573893785,419.3237320400076,399.6864318847656,399.6864318847656,399.6864318847656,0,13.100971548003145,12.553935352014378,173.676382496953,,4.43189637735486e-05,667.3034534140024,3.0079041607677937e-05,,48.631637144018896,0,120,
121,16653.168700964,1784604614.853452,0.33413442969322205,0.2757454216480255,0.001,4.2564852859014735e-05,2.62582056892779e-07,0,0,0.0001550377256739457,0,2.4748666286468506,-0.00855543278157711,-2.4748597145080566,2.4748666286468506,-0.00855543278157711,-2.4748597145080566,1,0.009437499567866325,-0.5,1,0.009437499567866325,-0.5,1146094,1146094,1146094,1146094.0,1146094,0,171.26519775390625,54.06354761123657,58.16796875,0.3328410018237203,1697.760127704339,675.0623844310176,1146094,0,710,632.375,596,0,0.6629464030265808,2048,1925.8704833984375,760,0.6629464030265808,2048,1925.8704833984375,760,5.667210522133359e-06,0.5029341837653969,0.01104993267043991,0.04269057094793794,0.00649515597615391,433.9265844109468,414.349365234375,414.349365234375,414.349365234375,0,13.275411264039576,12.664261533995159,166.25199080293532,,2.9600108973681927e-05,675.0623844310176,3.129499964416027e-05,,48.92740722000599,0,121,
122,17334.522738717,1784605273.4623783,0.33544981479644775,0.2536804974079132,0.001,4.208678572987472e-05,2.647702407002188e-07,0,0,0.00016697167458395206,0,2.4748666286468506,-0.00966516975313425,-2.4748597145080566,2.4748666286468506,-0.00966516975313425,-2.4748597145080566,1,0.005595982074737549,-0.5,1,0.005595982074737549,-0.5,1143311,1143311,1143311,1143311.0,1143311,0,171.435791015625,54.06354761123657,58.16796875,0.33218607993610855,1735.9816766137258,658.5962371620117,1143311,0,719,637.2857055664062,600,0,0.6584821343421936,2048,1914.747802734375,923,0.6584821343421936,2048,1914.747802734375,923,5.7464154676569325e-06,0.496124775335265,0.011085025390304792,0.04276274109762186,0.006569940014742315,425.57930515601765,405.9797668457031,405.9797668457031,405.9797668457031,0,13.27554204990156,12.673631464014761,158.15977572498377,,2.9790913686156273e-05,658.5962371620117,3.0368100851774216e-05,,48.89111228706315,0,122,
123,18014.24421411,1784605954.816208,0.329931378364563,0.30430132150650024,0.001,4.376547120936804e-05,2.6695842450765867e-07,0,0,-1.8094483957796984e-05,0,2.4748666286468506,0.0021744943223893642,-2.4748597145080566,2.4748666286468506,0.0021744943223893642,-2.4748597145080566,1,-0.00042857122025452554,-0.5,1,-0.00042857122025452554,-0.5,1132907,1132907,1132907,1132907.0,1132907,0,171.05078125,54.06354761123657,58.16796875,0.33179346146546124,1662.7599653403624,681.3412781249499,1132907,0,712,634.9821166992188,595,0,0.6138392686843872,2048,1893.828125,621,0.6138392686843872,2048,1893.828125,621,5.806193252009063e-06,0.48763219350686415,0.011077476736424537,0.04277882105415581,0.006577876978553832,413.7242200979963,394.13677978515625,394.13677978515625,394.13677978515625,0,13.15508444502484,12.549750937032513,193.43106013094075,,2.79679661616683e-05,681.3412781249499,2.94720521196723e-05,,48.4644258240005,0,123,
124,18696.608298795,1784606634.5379264,0.326507568359375,0.26882389187812805,0.001,4.38310437727653e-05,2.6914660831509846e-07,0,0,6.028187951359337e-05,0,2.4748666286468506,-0.0037668466102331877,-2.4748597145080566,2.4748666286468506,-0.0037668466102331877,-2.4748597145080566,1,0.0029068083968013525,-0.5,1,0.0029068083968013525,-0.5,1119146,1119146,1119146,1119146.0,1119146,0,170.79888916015625,54.06354761123657,58.16796875,0.3313469196719316,1646.5076432251287,679.7089613309363,1119146,0,708,631.9107055664062,596,0,0.5959821343421936,2048,1866.1829833984375,777,0.5959821343421936,2048,1866.1829833984375,777,5.725213647278003e-06,0.4836344846336207,0.0110741594805255,0.042784953754947425,0.006407349952496588,404.34261087793857,384.76641845703125,384.76641845703125,384.76641845703125,0,12.997406387003139,12.39360128599219,202.07599479600322,,2.934399526566267e-05,679.7089613309363,2.8991024009883404e-05,,47.88260985503439,0,124,
125,19351.824131678,1784607316.9019926,0.32724320888519287,0.2444745898246765,0.001,4.247223099513093e-05,2.713347921225383e-07,0,0,0.00029445174709972165,0,2.4748666286468506,-0.01701865904033184,-2.4748597145080566,2.4748666286468506,-0.01701865904033184,-2.4748597145080566,1,0.004044643137603998,-0.5,1,0.004044643137603998,-0.5,1147103,1147103,1147103,1147103.0,1147103,0,170.92095947265625,54.06354761123657,58.16796875,0.3323798794894084,1681.107157881243,682.3497209099587,1147103,0,693,638.1071166992188,595,0,0.6741071343421936,2048,1922.390625,578,0.6741071343421936,2048,1922.390625,578,5.88701284299185e-06,0.5100899697978973,0.011059259414406773,0.042760847029448185,0.006753010093234479,439.3052947790129,419.7002258300781,419.7002258300781,419.7002258300781,0,13.31349032104481,12.686109652044252,167.97698741499335,,3.3951946534216404e-05,682.3497209099587,3.1392090022563934e-05,,49.051095910021104,0,125,
126,20011.493097032,1784607972.1177938,0.330321729183197,0.2567567527294159,0.001,4.288196834416023e-05,2.735229759299781e-07,0,0,6.546324762819828e-05,0,2.4748666286468506,-0.003999844193458557,-2.4748597145080566,2.4748666286468506,-0.003999844193458557,-2.4748597145080566,1,0.0024665179662406445,-0.5,1,0.0024665179662406445,-0.5,1151763,1151763,1151763,1151763.0,1151763,0,171.46978759765625,54.06354761123657,58.16796875,0.3324167248097479,1757.8757137044831,655.201611252036,1151763,0,740,646.8392944335938,602,0,0.6830357313156128,2048,1924.060302734375,537,0.6830357313156128,2048,1924.060302734375,537,5.543186378134468e-06,0.5007954209104746,0.011076116918189953,0.042776877505216596,0.006384436972439289,431.6751361209899,412.053466796875,412.053466796875,412.053466796875,0,13.353412796976045,12.757061650045216,148.13055439898744,,4.083209205418825e-05,655.201611252036,3.0206982046365738e-05,,49.26882476604078,0,126,
127,20669.92322313,1784608631.7868252,0.32393547892570496,0.26271021366119385,0.001,4.3890146302220855e-05,2.7571115973741793e-07,0,0,0.0003102911946278217,0,2.4748666286468506,-0.01817001961171627,-2.4748597145080566,2.4748666286468506,-0.01817001961171627,-2.4748597145080566,1,0.011410713195800781,-0.5,1,0.011410713195800781,-0.5,1138453,1138453,1138453,1138453.0,1138453,0,171.93927001953125,54.06354761123657,58.16796875,0.32992149615599997,1725.8363595195929,659.6529234769987,1138453,0,772,643.875,594,0,0.6294642686843872,2048,1897.314697265625,664,0.6294642686843872,2048,1897.314697265625,664,5.634134247145171e-06,0.493619746650872,0.011070778819247194,0.04304715314725464,0.006414197036065161,419.57530379400123,399.9723205566406,399.9723205566406,399.9723205566406,0,13.24303976399824,12.603561359108426,165.20676711795386,,4.201591946184635e-05,659.6529234769987,3.062398172914982e-05,,49.00716064195149,0,127,
128,21334.572253095,1784609290.2168462,0.3289274573326111,0.27724364399909973,0.001,4.484200407929091e-05,2.778993435448578e-07,0,0,0.0002657308811036756,0,2.4748666286468506,-0.013866988942027092,-2.4748597145080566,2.4748666286468506,-0.013866988942027092,-2.4748597145080566,1,0.0038214283995330334,-0.5,1,0.0038214283995330334,-0.5,1143558,1143558,1143558,1143558.0,1143558,0,171.20465087890625,54.06354761123657,58.16796875,0.33029661286783796,1736.8458573115374,658.4107594729867,1143558,0,713,639.5,597,0,0.6517857313156128,2048,1913.0848388671875,527,0.6517857313156128,2048,1913.0848388671875,527,5.7129389035540775e-06,0.49412019966470483,0.011061475456425303,0.04302039264206761,0.006533076986670494,423.49164656503126,403.89849853515625,403.89849853515625,403.89849853515625,0,13.272092435043305,12.649438749998808,159.78411816398147,,4.531198646873236e-05,658.4107594729867,3.107101656496525e-05,,49.19631416897755,0,128,
129,21992.960247149,1784609954.8659027,0.33294200897216797,0.2879731357097626,0.001,4.851191086493841e-05,2.8008752735229756e-07,0,0,-1.3513158833398964e-05,0,2.4748666286468506,-0.00048821792006492615,-2.4748597145080566,2.4748666286468506,-0.00048821792006492615,-2.4748597145080566,1,0.0009642855147831142,-0.5,1,0.0009642855147831142,-0.5,1142271,1142271,1142271,1142271.0,1142271,0,171.1492919921875,54.06354761123657,58.16796875,0.33229897336078995,1718.640109678773,664.6365306890802,1142271,0,675,638.9821166992188,600,0,0.6808035969734192,2048,1910.7298583984375,1,0.6808035969734192,2048,1910.7298583984375,1,5.812186422027745e-06,0.5097277428115734,0.011062089040194683,0.042756056215206784,0.006639091996476054,436.3305159409065,416.7306823730469,416.7306823730469,416.7306823730469,0,13.259077292052098,12.635903510032222,153.55528146598954,,3.094400744885206e-05,664.6365306890802,2.995203249156475e-05,,48.83900308900047,0,129,
130,22650.273340992,1784610613.2537746,0.32585227489471436,0.23552387952804565,0.001,4.5889685772672976e-05,2.822757111597374e-07,0,0,0.00021648207398449848,0,2.4748666286468506,-0.013357644900679588,-2.4748597145080566,2.4748666286468506,-0.013357644900679588,-2.4748597145080566,1,0.012848771177232265,-0.5,1,0.012848771177232265,-0.5,1139687,1139687,1139687,1139687.0,1139687,0,171.201171875,54.06354761123657,58.16796875,0.330405252732373,1731.0596684783152,658.3753412739607,1139687,0,700,633.125,597,0,0.65625,2048,1910.8192138671875,369,0.65625,2048,1910.8192138671875,369,5.656420552674715e-06,0.4991654033248558,0.01108284170041871,0.042988612784910465,0.006446548970416188,427.30904602003284,407.72491455078125,407.72491455078125,407.72491455078125,0,13.193126042024232,12.630970609025098,156.23199864698108,,3.030302468687296e-05,658.3753412739607,2.982409205287695e-05,,48.99356313899625,0,130,
131,23321.045743861,1784611270.5669796,0.32852625846862793,0.23042425513267517,0.001,4.715913093271094e-05,2.844638949671772e-07,0,0,6.673650308844767e-05,0,2.4748666286468506,-0.0027703302912414074,-2.4748597145080566,2.4748666286468506,-0.0027703302912414074,-2.4748597145080566,1,0.010383927263319492,-0.5,1,0.010383927263319492,-0.5,1136160,1136160,1136160,1136160.0,1136160,0,171.33856201171875,54.06354761123657,58.16796875,0.332172878800064,1728.5239697109314,657.3006911729462,1136160,0,692,635.4285888671875,596,0,0.6339285969734192,2048,1900.642822265625,611,0.6339285969734192,2048,1900.642822265625,611,5.5277769776396145e-06,0.49452113331008357,0.011094530739497151,0.042740058926482,0.006280439090915024,421.07881075993646,401.51263427734375,401.51263427734375,401.51263427734375,0,13.212729942984879,12.605162044987082,161.8273005959345,,3.1008035875856876e-05,657.3006911729462,3.286392893642187e-05,,48.55954534991179,0,131,
132,23976.81220147,1784611941.3393881,0.3252837657928467,0.29433631896972656,0.001,4.827194989418934e-05,2.8665207877461704e-07,0,0,7.600699802646791e-05,0,2.4748666286468506,-0.005223055370151997,-2.4748597145080566,2.4748666286468506,-0.005223055370151997,-2.4748597145080566,1,0.008933035656809807,-0.5,1,0.008933035656809807,-0.5,1138562,1138562,1138562,1138562.0,1138562,0,171.3900146484375,54.06354761123657,58.16796875,0.33212739209452824,1697.4207686718075,670.7600266319932,1138562,0,743,639.8392944335938,597,0,0.625,2048,1901.59375,419,0.625,2048,1901.59375,419,5.68320124612221e-06,0.49145921939064,0.011051078055483474,0.04276205402518368,0.006470676977187395,418.6809894279577,399.0956726074219,399.0956726074219,399.0956726074219,0,13.219554641051218,12.582337533007376,177.57336485607084,,2.7839909307658672e-05,670.7600266319932,2.9152026399970055e-05,,48.687249755021185,0,132,
133,24648.033140681,1784612597.1058106,0.32548758387565613,0.23943310976028442,0.001,4.750012225003399e-05,2.888402625820569e-07,0,0,5.4237842421719747e-05,0,2.4748666286468506,-0.00265588634647429,-2.4748597145080566,2.4748666286468506,-0.00265588634647429,-2.4748597145080566,1,0.003361607203260064,-0.5,1,0.003361607203260064,-0.5,1144936,1144936,1144936,1144936.0,1144936,0,171.45172119140625,54.06354761123657,58.16796875,0.3302727798374265,1745.9885754462216,655.7522861839971,1144936,0,722,642.2321166992188,606,0,0.6741071343421936,2048,1913.4285888671875,536,0.6741071343421936,2048,1913.4285888671875,536,5.705223679043032e-06,0.49900330393517117,0.011058736002769331,0.04302404411944301,0.006532115978188813,427.7536161860917,408.14788818359375,408.14788818359375,408.14788818359375,0,13.29036849399563,12.661544964066707,152.7704541690182,,3.8335914723575115e-05,655.7522861839971,3.0270894058048725e-05,,49.2597769779386,0,133,
134,25301.488186978,1784613268.3268769,0.32785099744796753,0.22445882856845856,0.001,5.08618632753793e-05,2.9102844638949667e-07,0,0,0.00021522815276679168,0,2.4748666286468506,-0.010994489304721355,-2.4748597145080566,2.4748666286468506,-0.010994489304721355,-2.4748597145080566,1,0.005258928053081036,-0.5,1,0.005258928053081036,-0.5,1145336,1145336,1145336,1145336.0,1145336,0,171.68865966796875,54.06354761123657,58.16796875,0.33232591737028855,1706.382949116415,671.2068944389466,1145336,0,718,637.2142944335938,597,0,0.6629464030265808,2048,1919.3392333984375,605,0.6629464030265808,2048,1919.3392333984375,605,5.682025100363643e-06,0.5164761768383962,0.011075211782429943,0.042757965321130714,0.006507827900350094,444.09927132097073,424.4781188964844,424.4781188964844,424.4781188964844,0,13.280370800057426,12.684838762041181,152.15357861691155,,3.9424048736691475e-05,671.2068944389466,3.0303956009447575e-05,,48.97223696904257,0,134,
135,25963.705707419,1784613921.7818036,0.3290405869483948,0.2644065022468567,0.001,4.7683793183045494e-05,2.9321663019693657e-07,0,0,0.00018536305139363953,0,2.4748666286468506,-0.01009147148579359,-2.4748597145080566,2.4748666286468506,-0.01009147148579359,-2.4748597145080566,1,0.002924665343016386,-0.5,1,0.002924665343016386,-0.5,1133387,1133387,1133387,1133387.0,1133387,0,171.6856689453125,54.06354761123657,58.16796875,0.33197728750666966,1734.4954504268806,653.4390157789458,1133387,0,696,632.2678833007812,596,0,0.6428571343421936,2048,1897.6138916015625,430,0.6428571343421936,2048,1897.6138916015625,430,5.7123410361279805e-06,0.4944925254708055,0.011079280544910294,0.042762317039184636,0.006474293069913983,420.3834251710214,400.7810974121094,400.7810974121094,400.7810974121094,0,13.163749400060624,12.557112538954243,158.85194831795525,,4.4479966163635254e-05,653.4390157789458,3.087997902184725e-05,,48.466254222090356,0,135,
136,26625.507413676,1784614583.9993703,0.3222830593585968,0.1801520138978958,0.001,5.036470878510545e-05,2.9540481400437636e-07,0,0,0.00018150457706687289,0,2.4748036861419678,-0.009905670769512653,-2.4748597145080566,2.4748036861419678,-0.009905670769512653,-2.4748597145080566,0.10000000149011612,-0.006015625316649675,-0.5,0.10000000149011612,-0.006015625316649675,-0.5,1147394,1147394,1147394,1147394.0,1147394,0,171.46722412109375,54.06354761123657,58.16796875,0.3325031034575431,1732.7040026165992,662.1985049190698,1147394,0,719,641.5,598,0,0.6674107313156128,2048,1919.6473388671875,823,0.6674107313156128,2048,1919.6473388671875,823,5.710962350224891e-06,0.5035273089272184,0.011059708036632074,0.04274067506721093,0.0065527239348739386,433.0344927320257,413.4842834472656,413.4842834472656,413.4842834472656,0,13.308709503966384,12.689842642983422,154.10766734101344,,4.505598917603493e-05,662.1985049190698,2.9471004381775856e-05,,49.04039412806742,0,136,
137,27299.419312924,1784615245.8010457,0.3270114064216614,0.258766770362854,0.001,4.663652547680278e-05,2.975929978118162e-07,0,0,8.344508702920188e-05,0,2.4748666286468506,-0.004680803511291742,-2.4748597145080566,2.4748666286468506,-0.004680803511291742,-2.4748597145080566,1,0.0062767863273620605,-0.5,1,0.0062767863273620605,-0.5,1129653,1129653,1129653,1129653.0,1129653,0,171.1920166015625,54.06354761123657,58.16796875,0.32973866771768273,1706.967762146494,661.789299746044,1129653,0,685,632.6785888671875,591,0,0.6205357313156128,2048,1888.8682861328125,594,0.6205357313156128,2048,1888.8682861328125,594,5.8329168857505515e-06,0.48806894831093445,0.011079169402483515,0.043033982836325674,0.006589172058738768,413.01028895704076,393.3963317871094,393.3963317871094,393.3963317871094,0,13.087227007956244,12.51561695302371,174.5461177820107,,2.7520000003278255e-05,661.789299746044,3.033608663827181e-05,,48.61346781300381,0,137,
138,27961.790138647,1784615919.712935,0.32988542318344116,0.2630654275417328,0.001,5.314129788419041e-05,2.9978118161925604e-07,0,0,0.0001894559174281906,0,2.4748666286468506,-0.008556804619729519,-2.4748597145080566,2.4748666286468506,-0.008556804619729519,-2.4748597145080566,1,0.0023035716731101274,-0.5,1,0.0023035716731101274,-0.5,1133412,1133412,1133412,1133412.0,1133412,0,171.66259765625,54.06354761123657,58.16796875,0.33021849873934017,1681.8709803115469,673.8994924509898,1133412,0,710,635.6428833007812,598,0,0.6183035969734192,2048,1894.294677734375,688,0.6183035969734192,2048,1894.294677734375,688,8.074707199436603e-06,0.5006577815574166,0.011063202294464721,0.04298554353231984,0.009151970036327839,424.8802223720122,405.2550354003906,405.2550354003906,405.2550354003906,0,13.146529300953262,12.539166238973849,174.5938997400226,,2.8608017601072788e-05,673.8994924509898,2.9950984753668308e-05,,48.7203308660537,0,138,
139,28603.20198509,1784616582.0838504,0.3273113965988159,0.2436947375535965,0.001,5.108679620114306e-05,3.0196936542669583e-07,0,0,0.00012939637814938297,0,2.4748666286468506,-0.0078043257817626,-2.4748597145080566,2.4748666286468506,-0.0078043257817626,-2.4748597145080566,1,0.007600446231663227,-0.5,1,0.007600446231663227,-0.5,1127933,1127933,1127933,1127933.0,1127933,0,172.30511474609375,54.06354761123657,58.16796875,0.33173831371095036,1702.9041832582943,662.3584644920193,1127933,0,744,634.8392944335938,595,0,0.609375,2048,1882.8682861328125,365,0.609375,2048,1882.8682861328125,365,5.948541251020037e-06,0.4968975204398909,0.011104594186902433,0.04277611074775553,0.006709555978886783,419.145480929059,399.5558776855469,399.5558776855469,399.5558776855469,0,13.101621823036112,12.525238235015422,169.32056862895843,,2.835202030837536e-05,662.3584644920193,3.0655995942652225e-05,,48.24858692404814,0,139,
140,29257.160055822,1784617223.4956274,0.32985058426856995,0.23513726890087128,0.001,5.186729010477263e-05,3.041575492341357e-07,0,0,0.0001521503626444966,0,2.4748666286468506,-0.008320055902004242,-2.4748597145080566,2.4748666286468506,-0.008320055902004242,-2.4748597145080566,1,0.01027455274015665,-0.5,1,0.01027455274015665,-0.5,1129424,1129424,1129424,1129424.0,1129424,0,171.5904541015625,54.06354761123657,58.16796875,0.32982179877439993,1760.8748358195749,641.3993641259149,1129424,0,686,634.4107055664062,599,0,0.6428571343421936,2048,1886.625,824,0.6428571343421936,2048,1886.625,824,5.840107074881362e-06,0.49120129251970507,0.011083189632986155,0.043022773149053915,0.006595957092940807,415.1672620479949,395.576416015625,395.576416015625,395.576416015625,0,13.120198084972799,12.517620368045755,151.98651068203617,,2.8063892386853695e-05,641.3993641259149,2.9408023692667484e-05,,48.59095254109707,0,140,
141,29922.861023113,1784617877.4536672,0.3275373876094818,0.22425252199172974,0.001,5.189142631229051e-05,3.0634573304157547e-07,0,0,9.603595182332876e-05,0,2.4748666286468506,-0.005007744766771793,-2.4748597145080566,2.4748666286468506,-0.005007744766771793,-2.4748597145080566,1,0.0024799108505249023,-0.5,1,0.0024799108505249023,-0.5,1135985,1135985,1135985,1135985.0,1135985,0,171.31890869140625,54.06354761123657,58.16796875,0.3302850859068746,1737.1293277436332,653.9438266669167,1135985,0,724,637.9642944335938,597,0,0.6294642686843872,2048,1897.716552734375,600,0.6294642686843872,2048,1897.716552734375,600,5.642487404025846e-06,0.4915778652009548,0.01107545271104042,0.042991888900867956,0.0064097810536623,417.92819470295217,398.34967041015625,398.34967041015625,398.34967041015625,0,13.186561328009702,12.581548147951253,161.39279957208782,,4.2048050090670586e-05,653.9438266669167,3.0655995942652225e-05,,48.838140913052484,0,141,
142,30584.833852082,1784618543.1547024,0.32201439142227173,0.2168111354112625,0.001,5.5048091762357064e-05,3.085339168490153e-07,0,0,0.00021182829338928908,0,2.4748666286468506,-0.01179787702858448,-2.4748597145080566,2.4748666286468506,-0.01179787702858448,-2.4748597145080566,1,0.007151785772293806,-0.5,1,0.007151785772293806,-0.5,1147054,1147054,1147054,1147054.0,1147054,0,170.98028564453125,54.06354761123657,58.16796875,0.3325151683306427,1723.113549104401,665.6868321859511,1147054,0,713,640.0178833007812,600,0,0.6517857313156128,2048,1920.3704833984375,799,0.6517857313156128,2048,1920.3704833984375,799,5.852727950867762e-06,0.49832600064978383,0.011081097328479611,0.042734827628864734,0.00671339500695467,428.72281483502593,409.1060485839844,409.1060485839844,409.1060485839844,0,13.29229387093801,12.710617015021853,161.92518283601385,,3.5936012864112854e-05,665.6868321859511,3.1071947887539864e-05,,49.01915497099981,0,142,
143,31237.029926244,1784619205.1275458,0.3304007947444916,0.2487221211194992,0.001,5.225814964767184e-05,3.1072210065645515e-07,0,0,0.0001228951473514863,0,2.4748666286468506,-0.0067838518880307674,-2.4748597145080566,2.4748666286468506,-0.0067838518880307674,-2.4748597145080566,1,0.014085380360484123,-0.5,1,0.014085380360484123,-0.5,1139114,1139114,1139114,1139114.0,1139114,0,171.07427978515625,54.06354761123657,58.16796875,0.332293888567891,1720.8233061766148,661.9587240080582,1139114,0,692,637.3928833007812,599,0,0.6361607313156128,2048,1905.2723388671875,506,0.6361607313156128,2048,1905.2723388671875,506,5.726882391467376e-06,0.5011398416190689,0.011068668373800517,0.04273815229028821,0.0065235719084739685,427.7539254920557,408.14202880859375,408.14202880859375,408.14202880859375,0,13.17012511298526,12.608475105953403,159.72517893300392,,3.9103906601667404e-05,661.9587240080582,3.158394247293472e-05,,48.68362760799937,0,143,
144,31901.889896615,1784619857.3234894,0.32297176122665405,0.2269064486026764,0.001,5.5771096839987654e-05,3.1291028446389494e-07,0,0,-1.4597836321181786e-05,0,2.4748666286468506,0.0008823383250273764,-2.4748597145080566,2.4748666286468506,0.0008823383250273764,-2.4748597145080566,1,0.011441963724792004,-0.5,1,0.011441963724792004,-0.5,1133954,1133954,1133954,1133954.0,1133954,0,171.45098876953125,54.06354761123657,58.16796875,0.3298685168228223,1738.7181170634076,652.1781701539876,1133954,0,712,635.5535888671875,598,0,0.6316964030265808,2048,1895.59375,754,0.6316964030265808,2048,1895.59375,754,5.730367364206553e-06,0.49437140591082096,0.011058423939613858,0.043029540684201464,0.006497972994111478,419.83305155602284,400.21905517578125,400.21905517578125,400.21905517578125,0,13.143921149079688,12.539744060020894,157.8514659140492,,3.833603113889694e-05,652.1781701539876,2.944003790616989e-05,,48.79351977701299,0,144,
145,32551.523050448,1784620522.1836126,0.32900479435920715,0.25483807921409607,0.001,5.242107251934631e-05,3.150984682713348e-07,0,0,3.78854076411606e-05,0,2.4748666286468506,-0.0032528163865208626,-2.4748597145080566,2.4748666286468506,-0.0032528163865208626,-2.4748597145080566,1,0.005589285399764776,-0.5,1,0.005589285399764776,-0.5,1137638,1137638,1137638,1137638.0,1137638,0,171.36761474609375,54.06354761123657,58.16796875,0.33015615063012366,1711.1258922255456,664.8476334610023,1137638,0,689,635.1785888671875,600,0,0.6049107313156128,2048,1904.1920166015625,515,0.6049107313156128,2048,1904.1920166015625,515,5.736029394524672e-06,0.4929429470868657,0.011080603286815196,0.043006755187437934,0.006525525008328259,420.5187834149692,400.929443359375,400.929443359375,400.929443359375,0,13.197514776024036,12.605715362005867,169.58291872497648,,2.9150978662073612e-05,664.8476334610023,2.921605482697487e-05,,48.92611895792652,0,145,
146,33214.473947876,1784621171.8167562,0.32508164644241333,0.2820766270160675,0.001,5.534512987354418e-05,3.172866520787746e-07,0,0,5.86195551013403e-05,0,2.4748666286468506,-0.004574119113385677,-2.4748597145080566,2.4748666286468506,-0.004574119113385677,-2.4748597145080566,1,0.018337054178118706,-0.5,1,0.018337054178118706,-0.5,1120615,1120615,1120615,1120615.0,1120615,0,171.85394287109375,54.06354761123657,58.16796875,0.3315125573108675,1725.0290269048903,649.6209527619649,1120615,0,696,636.3392944335938,597,0,0.59375,2048,1865.033447265625,569,0.59375,2048,1865.033447265625,569,5.798977415691553e-06,0.4908157049364377,0.011094120838139024,0.042779198710499504,0.00649842107668519,410.0937000240665,390.56097412109375,390.56097412109375,390.56097412109375,0,13.025583909940906,12.432238223031163,166.11378707899712,,2.6655965484678745e-05,649.6209527619649,3.062398172914982e-05,,47.9390117629664,0,146,
147,33885.432202764,1784621834.767553,0.3279889225959778,0.21944569051265717,0.001,5.214021075516939e-05,3.194748358862144e-07,0,0,0.00014879318353320871,0,2.4748666286468506,-0.008597982116043568,-2.4748597145080566,2.4748666286468506,-0.008597982116043568,-2.4748597145080566,1,0.011399553157389164,-0.5,1,0.011399553157389164,-0.5,1128750,1128750,1128750,1128750.0,1128750,0,171.1744384765625,54.06354761123657,58.16796875,0.332001751318254,1703.2307374267386,662.7111495799618,1128750,0,693,631.9821166992188,593,0,0.6272321343421936,2048,1887.549072265625,453,0.6272321343421936,2048,1887.549072265625,453,6.392814119986917e-06,0.49973957579393047,0.01108695094134341,0.04274420771203267,0.007215888937935233,422.5907795620151,403.00244140625,403.00244140625,403.00244140625,0,13.110976538038813,12.514395875041373,166.22526270593517,,0.00013913598377257586,662.7111495799618,3.0911993235349655e-05,,48.247524454956874,1,147,
148,34548.20005189,1784622505.7258415,0.3254300057888031,0.20718085765838623,0.001,5.5925512483832895e-05,3.216630196936542e-07,0,0,0.00014618070284142253,0,2.4748666286468506,-0.0077088745310902596,-2.4748597145080566,2.4748666286468506,-0.0077088745310902596,-2.4748597145080566,1,0.008046874776482582,-0.5,1,0.008046874776482582,-0.5,1133536,1133536,1133536,1133536.0,1133536,0,171.45050048828125,54.06354761123657,58.16796875,0.3298978230282528,1689.4648607015736,670.9438156229444,1133536,0,708,639.4285888671875,603,0,0.6428571343421936,2048,1890.7857666015625,564,0.6428571343421936,2048,1890.7857666015625,564,5.733187166478144e-06,0.497060350371724,0.01108379118089402,0.043040211566288164,0.0064987740479409695,421.045905110077,401.49041748046875,401.49041748046875,401.49041748046875,0,13.131911184987985,12.563876320025884,175.39722432603594,,3.7439982406795025e-05,670.9438156229444,3.0206982046365738e-05,,48.78762925800402,1,148,
149,37016.222948828,1784623168.4936724,0.3237695097923279,0.250320166349411,0.001,5.619530090872122e-05,3.2385120350109405e-07,0,0,0.00016674838903150992,0,2.4748666286468506,-0.009187372401356697,-2.4748597145080566,2.4748666286468506,-0.009187372401356697,-2.4748597145080566,1,0.010950892232358456,-0.5,1,0.010950892232358456,-0.5,1129938,1129938,1129938,1129938.0,1129938,0,171.8330078125,54.06354761123657,58.16796875,0.3299697136984822,1704.9147685495195,662.7533650619444,1129938,0,690,631.7678833007812,595,0,0.6160714030265808,2048,1890.4151611328125,472,0.6160714030265808,2048,1890.4151611328125,472,5.739207738448276e-06,0.49253404237900994,0.011090405301850337,0.04300322063869469,0.006484948913566768,417.1300356950378,397.5548095703125,397.5548095703125,397.5548095703125,0,13.090712760924362,12.531470385962166,171.393508217996,,3.798410762101412e-05,662.7533650619444,3.1486968509852886e-05,,48.5909731220454,1,149,
150,37667.346677469,1784625636.5166006,0.32677215337753296,0.20864956080913544,0.001,5.415079498079092e-05,3.260393873085339e-07,0,0,0.00023454824095468357,0,2.4748666286468506,-0.013626741245388985,-2.4748597145080566,2.4748666286468506,-0.013626741245388985,-2.4748597145080566,1,0.011616071686148643,-0.5,1,0.011616071686148643,-0.5,1142469,1142469,1142469,1142469.0,1142469,0,172.7740478515625,54.06354761123657,58.16796875,0.3302543159260121,1737.1032276944445,657.6863031429239,1142469,0,729,640.7678833007812,601,0,0.6473214030265808,2048,1909.3861083984375,754,0.6473214030265808,2048,1909.3861083984375,754,5.782553419122814e-06,0.5006148426956104,0.011081971430252502,0.043013879864541034,0.0066063880221918225,428.22843951603863,408.6513366699219,408.6513366699219,408.6513366699219,0,13.248761652968824,12.660808817949146,154.38955928897485,30.00770910002757,4.092790186405182e-05,657.6863031429239,4.988803993910551e-05,1780.3143973359838,49.14202431496233,1,150,-0.0021879999875091018
151,38317.950516437,1784626287.6404283,0.3250995874404907,0.33043989539146423,0.001,5.795233493922658e-05,3.2822757111597374e-07,0,0,0.00015194102830923373,0,2.4748666286468506,-0.00829313974827528,-2.4748597145080566,2.4748666286468506,-0.00829313974827528,-2.4748597145080566,1,0.008276785723865032,-0.5,1,0.008276785723865032,-0.5,1138227,1138227,1138227,1138227.0,1138227,0,177.436767578125,54.06354761123657,58.16796875,0.3319540709570742,1748.1356537029565,651.1090816030046,1138227,0,689,643.6607055664062,596,0,0.5959821343421936,2048,1897.0245361328125,723,0.5959821343421936,2048,1897.0245361328125,723,5.756283228858341e-06,0.4847140078071072,0.011092949569893628,0.042787285242779624,0.006551956990733743,411.9424396730028,392.2908935546875,392.2908935546875,392.2908935546875,0,13.18824978696648,12.626294710091315,164.63352443499025,,3.34389042109251e-05,651.1090816030046,2.873595803976059e-05,,48.70164332003333,1,151,
152,38961.262641223,1784626938.2442002,0.3260285556316376,0.27902334928512573,0.001,5.706861709916907e-05,3.304157549234136e-07,0,0,3.7081070702846104e-05,0,2.4748666286468506,-0.0011821907246485353,-1.3480722904205322,2.4748666286468506,-0.0011821907246485353,-1.3480722904205322,1,0.016205355525016785,-0.5,1,0.016205355525016785,-0.5,1117124,1117124,1117124,1117124.0,1117124,0,177.24444580078125,54.06354761123657,58.16796875,0.32910032940318273,1717.0950047906765,650.589511286933,1117124,0,696,636.8214111328125,597,0,0.5870535969734192,2048,1856.7589111328125,413,0.5870535969734192,2048,1856.7589111328125,413,5.7636475275508834e-06,0.48622588264039457,0.011113867262698347,0.043080143081695534,0.006438708980567753,404.45630350499414,384.77728271484375,384.77728271484375,384.77728271484375,0,12.955026986077428,12.415567851974629,172.62006240000483,,3.785500302910805e-05,650.589511286933,3.062398172914982e-05,,48.12586175999604,1,152,
153,39609.093387681,1784627581.5562882,0.3294945955276489,0.22215944528579712,0.001,5.996107218528109e-05,3.3260393873085337e-07,0,0,8.853442021954407e-07,0,2.4748666286468506,-0.0014258811715990305,-0.5388975739479065,2.4748666286468506,-0.0014258811715990305,-0.5388975739479065,1,0.012071428820490837,0,1,0.012071428820490837,0,1140931,1140931,1140931,1140931.0,1140931,0,177.3934326171875,54.06354761123657,58.16796875,0.3321650184587427,1773.5655981077678,643.2978860309813,1140931,0,715,640.1071166992188,600,0,0.6674107313156128,2048,1906.6138916015625,552,0.6674107313156128,2048,1906.6138916015625,552,5.663940271674076e-06,0.49736161864542106,0.01107354745913829,0.04276608211460129,0.006462165038101375,424.8278922670288,405.0833740234375,405.0833740234375,405.0833740234375,0,13.242521363077685,12.634153576102108,143.78354341594968,,3.5902950912714005e-05,643.2978860309813,3.030302468687296e-05,,48.793148833094165,1,153,
154,40256.18357559,1784628229.3868036,0.32084593176841736,0.23720383644104004,0.001,6.2684611312223e-05,3.347921225382932e-07,0,0,2.068596044484033e-05,0,2.4748666286468506,-0.0014982547145336866,-2.4748597145080566,2.4748666286468506,-0.0014982547145336866,-2.4748597145080566,1,0.005154017824679613,-0.5,1,0.005154017824679613,-0.5,1131832,1131832,1131832,1131832.0,1131832,0,177.70794677734375,54.06354761123657,58.16796875,0.33191242099476953,1747.149729664011,647.8162579790223,1131832,0,766,640.6071166992188,597,0,0.6004464030265808,2048,1885.8035888671875,497,0.6004464030265808,2048,1885.8035888671875,497,5.746624032344662e-06,0.4900823458631464,0.01108824434459557,0.04276413697531316,0.006504212971776724,414.0411690790206,394.3502502441406,394.3502502441406,394.3502502441406,0,13.139152272953652,12.550029773032293,159.66761231503915,,3.833603113889694e-05,647.8162579790223,2.8672046028077602e-05,,48.40181868104264,1,154,
155,40903.388424402,1784628876.4769711,0.3276607096195221,0.2812553644180298,0.001,6.146647828412526e-05,3.3698030634573306e-07,0,0,0.00024600453824470084,0,2.4748666286468506,-0.013042349368333817,-2.4748597145080566,2.4748666286468506,-0.013042349368333817,-2.4748597145080566,1,0.016542410477995872,-0.5,1,0.016542410477995872,-0.5,1123949,1123949,1123949,1123949.0,1123949,0,177.29840087890625,54.06354761123657,58.16796875,0.33146205046272337,1736.9670279826482,647.0756104710745,1123949,0,682,632,598,0,0.6272321343421936,2048,1876.814697265625,456,0.6272321343421936,2048,1876.814697265625,456,5.71472639335449e-06,0.5033584741255961,0.011089665181415556,0.042799151629588146,0.006423061015084386,423.23034870496485,403.5507507324219,403.5507507324219,403.5507507324219,0,13.031679901992902,12.464218090986833,150.2288483029697,,3.484799526631832e-05,647.0756104710745,3.2032025046646595e-05,,48.104063674923964,1,155,
156,41547.797775871,1784629523.681943,0.3239002823829651,0.2294650375843048,0.001,6.276923730703337e-05,3.3916849015317285e-07,0,0,6.751270076183944e-05,0,2.4748666286468506,-0.003600671887397766,-2.4748597145080566,2.4748666286468506,-0.003600671887397766,-2.4748597145080566,1,0.018087055534124374,-0.5,1,0.018087055534124374,-0.5,1130186,1130186,1130186,1130186.0,1130186,0,177.35955810546875,54.06354761123657,58.16796875,0.33155670999779396,1746.3007225774177,647.1886459119851,1130186,0,706,636.4821166992188,597,0,0.6071428656578064,2048,1886.2545166015625,865,0.6071428656578064,2048,1886.2545166015625,865,5.708332136320717e-06,0.4836996812585268,0.011087533585576665,0.04279898397606255,0.006451477063819766,408.746546050068,389.0240173339844,389.0240173339844,389.0240173339844,0,13.158256495022215,12.530975232948549,164.36485033505596,,3.878306597471237e-05,647.1886459119851,2.9920018278062344e-05,,48.37081250397023,1,156,
157,42194.341448317,1784630168.0914228,0.3206924796104431,0.2624877989292145,0.001,6.0966491701594566e-05,3.413566739606127e-07,0,0,0.0001295205826065693,0,2.4748666286468506,-0.0069395094178617,-2.4748597145080566,2.4748666286468506,-0.0069395094178617,-2.4748597145080566,1,0.017421875149011612,-0.5,1,0.017421875149011612,-0.5,1126542,1126542,1126542,1126542.0,1126542,0,176.21087646484375,54.06354761123657,58.16796875,0.3318304844541603,1748.2114969844226,644.3968604160473,1126542,0,727,634.6964111328125,597,0,0.625,2048,1879.90625,623,0.625,2048,1879.90625,623,8.211467470622775e-06,0.4917711803389129,0.01106927238484095,0.0427576108072385,0.009250562987290323,414.16870453907177,394.5230712890625,394.5230712890625,394.5230712890625,0,13.051678086980246,12.470000250963494,156.5186920920387,,2.851104363799095e-05,644.3968604160473,3.075192216783762e-05,,48.16824439400807,1,157,
158,42851.759510583,1784630814.63493,0.3254195749759674,0.22572298347949982,0.001,6.137662288039086e-05,3.435448577680525e-07,0,0,0.0002287431967228518,0,2.4748666286468506,-0.012547926977276802,-2.4748597145080566,2.4748666286468506,-0.012547926977276802,-2.4748597145080566,1,0.004470982123166323,-0.5,1,0.004470982123166323,-0.5,1134355,1134355,1134355,1134355.0,1134355,0,176.7525634765625,54.06354761123657,58.16796875,0.3299705725504292,1754.5302988970072,646.5291598059703,1134355,0,712,637.8928833007812,601,0,0.6316964030265808,2048,1894.1495361328125,427,0.6316964030265808,2048,1894.1495361328125,427,5.702050079978422e-06,0.49446160906167247,0.011091995962497396,0.04302078319300659,0.006468149018473923,419.58973775594495,399.927490234375,399.927490234375,399.927490234375,0,13.13179759203922,12.582261080038734,152.4079431600403,,4.1343970224261284e-05,646.5291598059703,3.231898881494999e-05,,48.80084051890299,1,158,
159,43491.51681505,1784631472.0530076,0.32284948229789734,0.2163393348455429,0.001,6.307506978651984e-05,3.457330415754923e-07,0,0,0.00014779117310001534,0,2.4748666286468506,-0.00870743952691555,-2.4748597145080566,2.4748666286468506,-0.00870743952691555,-2.4748597145080566,1,0.015857143327593803,-0.5,1,0.015857143327593803,-0.5,1113344,1113344,1113344,1113344.0,1113344,0,176.3551025390625,54.06354761123657,58.16796875,0.33107597013363743,1693.5467550591188,657.4037573359674,1113344,0,724,638.1428833007812,600,0,0.53125,2048,1847,343,0.53125,2048,1847,343,5.877087423860578e-06,0.47719839348919885,0.011107091442575613,0.04280246289917443,0.006543220020830631,394.8606738829985,375.1793518066406,375.1793518066406,375.1793518066406,0,12.886403987999074,12.366013615042903,189.62020214600489,,3.808003384619951e-05,657.4037573359674,2.921605482697487e-05,,47.653865254018456,1,159,
160,44149.008714041,1784632111.8104315,0.3256671726703644,0.29723265767097473,0.001,6.17249245305156e-05,3.4792122538293217e-07,0,0,0.0002803462982172983,0,2.4748666286468506,-0.017340706661343575,-2.4748597145080566,2.4748666286468506,-0.017340706661343575,-2.4748597145080566,1,0.02010267972946167,-0.5,1,0.02010267972946167,-0.5,1125500,1125500,1125500,1125500.0,1125500,0,177.00048828125,54.06354761123657,58.16796875,0.3317348570401144,1759.3001590162396,639.7430218100781,1125500,0,712,641.6071166992188,597,0,0.5892857313156128,2048,1870.669677734375,691,0.5892857313156128,2048,1870.669677734375,691,5.73823905766328e-06,0.4807841073741495,0.01106903104842626,0.04276204320301332,0.006458388059400022,402.9259290259797,383.23040771484375,383.23040771484375,383.23040771484375,0,13.070059119956568,12.458194445003755,163.14328521105926,,3.756803926080465e-05,639.7430218100781,3.132794518023729e-05,,48.12867962499149,1,160,
161,44803.532579146,1784632769.30243,0.3257886469364166,0.24460738897323608,0.001,6.228047366638914e-05,3.5010940919037196e-07,0,0,0.0001236019146448115,0,2.4748666286468506,-0.0062980446964502335,-2.4748597145080566,2.4748666286468506,-0.0062980446964502335,-2.4748597145080566,1,0.01686830259859562,-0.5,1,0.01686830259859562,-0.5,1116214,1116214,1116214,1116214.0,1116214,0,177.01214599609375,54.06354761123657,58.16796875,0.3315638219085264,1697.7210600382036,657.4778544449946,1116214,0,706,629.7678833007812,595,0,0.5758928656578064,2048,1861.78125,346,0.5758928656578064,2048,1861.78125,346,5.871866895636003e-06,0.49503370073902647,0.011072767541822213,0.04275318365208702,0.006554260035045445,412.89671904500574,393.2135314941406,393.2135314941406,393.2135314941406,0,12.959193316986784,12.35957814892754,171.52404133195523,,3.702391404658556e-05,657.4778544449946,3.238394856452942e-05,,47.72170213703066,1,161,
162,45444.718909648,1784633423.8262699,0.32706794142723083,0.29508745670318604,0.001,6.7303358320009e-05,3.522975929978118e-07,0,0,0.00022419959090517035,0,2.4748666286468506,-0.011227806098759174,-2.4748597145080566,2.4748666286468506,-0.011227806098759174,-2.4748597145080566,1,0.03394642844796181,-0.5,1,0.03394642844796181,-0.5,1126012,1126012,1126012,1126012.0,1126012,0,176.71484375,54.06354761123657,58.16796875,0.33150969274049374,1720.3901904156323,654.5096608159365,1126012,0,692,634.6071166992188,597,0,0.5714285969734192,2048,1878.8125,475,0.5714285969734192,2048,1878.8125,475,5.692377178060085e-06,0.47788638034803416,0.0110939508878064,0.042788151990411895,0.006409685011021793,402.2407894299831,382.5882263183594,382.5882263183594,382.5882263183594,0,13.056684650946409,12.49192182708066,178.5237174750073,,3.366393502801657e-05,654.5096608159365,3.068801015615463e-05,,48.17997259902768,1,162,
163,46101.133012167,1784634065.0124633,0.32342204451560974,0.2424159198999405,0.001,6.327859873821654e-05,3.544857768052516e-07,0,0,1.6059042239675733e-05,0,2.4748666286468506,-0.0004888520925305784,-0.5400605201721191,2.4748666286468506,-0.0004888520925305784,-0.5400605201721191,1,0.025339284911751747,0,1,0.025339284911751747,0,1136411,1136411,1136411,1136411.0,1136411,0,177.2581787109375,54.06354761123657,58.16796875,0.33005172768037094,1772.396752496145,641.1719037509756,1136411,0,712,637.1428833007812,597,0,0.6339285969734192,2048,1899.4888916015625,353,0.6339285969734192,2048,1899.4888916015625,353,5.80149618200681e-06,0.48766176695683094,0.011084431510323598,0.04301938901424963,0.006592884077690542,414.98602148902137,395.3330078125,395.3330078125,395.3330078125,0,13.181997064966708,12.59646989707835,151.50325501698535,,3.6863028071820736e-05,641.1719037509756,2.9663904570043087e-05,,48.88770688907243,1,163,
164,46750.778409796,1784634721.426647,0.32700663805007935,0.21553519368171692,0.001,6.249140865200351e-05,3.5667396061269143e-07,0,0,0.00011105432689391261,0,2.4748666286468506,-0.005843441467732191,-2.4748549461364746,2.4748666286468506,-0.005843441467732191,-2.4748549461364746,1,0.0082723218947649,-0.5,1,0.0082723218947649,-0.5,1138496,1138496,1138496,1138496.0,1138496,0,177.31915283203125,54.06354761123657,58.16796875,0.33198892658353335,1734.4598990574395,656.3979949139757,1138496,0,700,639.6785888671875,596,0,0.640625,2048,1901.607177734375,554,0.640625,2048,1901.607177734375,554,5.743736404603294e-06,0.5055161254320086,0.011092891723768445,0.04277742335066014,0.006539220921695232,430.6592975780368,411.0352478027344,411.0352478027344,411.0352478027344,0,13.221725112991408,12.629212855943479,151.1683131470345,,3.699096851050854e-05,656.3979949139757,2.8992071747779846e-05,,48.70192537503317,1,164,
165,47400.176004117,1784635371.0719166,0.324149489402771,0.2639998495578766,0.001,6.693941284130252e-05,3.588621444201313e-07,0,0,9.990458546576986e-05,0,2.4748666286468506,-0.005849125795066357,-2.4748597145080566,2.4748666286468506,-0.005849125795066357,-2.4748597145080566,1,0.010953125543892384,-0.5,1,0.010953125543892384,-0.5,1134853,1134853,1134853,1134853.0,1134853,0,177.3651123046875,54.06354761123657,58.16796875,0.33215999970431137,1746.9147439449462,649.6327333280351,1134853,0,728,640.5357055664062,597,0,0.6183035969734192,2048,1892.6182861328125,562,0.6183035969734192,2048,1892.6182861328125,562,5.7469204939666786e-06,0.4946884940940981,0.011082943688684411,0.04274697543026218,0.006521909963339567,419.4429113229271,399.7773132324219,399.7773132324219,399.7773132324219,0,13.185169107979164,12.57751189393457,155.89895356504712,,3.1071947887539864e-05,649.6327333280351,3.0206982046365738e-05,,48.511533307959326,1,165,
166,48050.538718172,1784636020.4696486,0.3284723162651062,0.22902078926563263,0.001,6.386502540482645e-05,3.6105032822757106e-07,0,0,2.322628527935547e-05,0,2.4748666286468506,-0.0018286810955032706,-2.4748597145080566,2.4748666286468506,-0.0018286810955032706,-2.4748597145080566,1,0.013959820382297039,-0.5,1,0.013959820382297039,-0.5,1126379,1126379,1126379,1126379.0,1126379,0,177.49017333984375,54.06354761123657,58.16796875,0.33157177555266204,1734.536196811429,649.3833925579675,1126379,0,695,632.4821166992188,595,0,0.6071428656578064,2048,1881.7567138671875,541,0.6071428656578064,2048,1881.7567138671875,541,8.077228858405672e-06,0.49506575189173146,0.011083107532235393,0.0427916827995559,0.009098020964302123,417.3537956200307,397.6904602050781,397.6904602050781,397.6904602050781,0,13.099280453054234,12.48377957905177,158.22691711597145,,3.731099423021078e-05,649.3833925579675,3.0176015570759773e-05,,48.199652880080976,1,166,
167,48725.596198579,1784636670.8323436,0.33356258273124695,0.19087670743465424,0.001,6.386430011064346e-05,3.6323851203501096e-07,0,0,1.1483833968297272e-06,0,2.4748666286468506,-6.626174581469968e-05,-2.4748597145080566,2.4748666286468506,-6.626174581469968e-05,-2.4748597145080566,1,-0.002220981987193227,-0.5,1,-0.002220981987193227,-0.5,1134166,1134166,1134166,1134166.0,1134166,0,177.1680908203125,54.06354761123657,58.16796875,0.33198286544969013,1743.9359681996702,650.3484191399766,1134166,0,743,637.9642944335938,598,0,0.6294642686843872,2048,1893.65625,610,0.6294642686843872,2048,1893.65625,610,5.881852402916846e-06,0.4970283516086075,0.011070614019405423,0.042763324447184205,0.006670997012406588,421.65797831397504,401.9471130371094,401.9471130371094,401.9471130371094,0,13.160271717933938,12.55591401993297,154.45669078698847,,3.894406836479902e-05,650.3484191399766,3.084796480834484e-05,,48.50070863496512,1,167,
168,49375.631377384,1784637345.8898873,0.32246133685112,0.2649501860141754,0.001,6.474883850053314e-05,3.6542669584245075e-07,0,0,-4.5728672765627767e-05,0,2.4748666286468506,0.0019968883134424686,-2.4748597145080566,2.4748666286468506,0.0019968883134424686,-2.4748597145080566,1,0.010279017500579357,-0.5,1,0.010279017500579357,-0.5,1115351,1115351,1115351,1115351.0,1115351,0,177.294677734375,54.06354761123657,58.16796875,0.3309774376252603,1652.2659761215934,675.0432533980347,1115351,0,724,636.7142944335938,594,0,0.5691964030265808,2048,1852.908447265625,290,0.5691964030265808,2048,1852.908447265625,290,5.790540406888149e-06,0.48652460464905756,0.011094780410811949,0.042826074465410785,0.006458485033363104,403.8655338929966,384.19378662109375,384.19378662109375,384.19378662109375,0,12.990538761019707,12.374574425979517,198.02936653699726,,3.926397766917944e-05,675.0432533980347,2.9120012186467648e-05,,47.766104981070384,1,168,
169,50031.527920766,1784637995.9249988,0.3198302090167999,0.2082856297492981,0.001,6.677154335787291e-05,3.676148796498906e-07,0,0,7.436181773783222e-05,0,2.4748666286468506,-0.004253940191119909,-2.4748597145080566,2.4748666286468506,-0.004253940191119909,-2.4748597145080566,1,0.008267857134342194,-0.5,1,0.008267857134342194,-0.5,1136142,1136142,1136142,1136142.0,1136142,0,177.59423828125,54.06354761123657,58.16796875,0.3300076832605382,1747.8543379869413,650.0209859069437,1136142,0,722,638.0892944335938,601,0,0.59375,2048,1897.9420166015625,747,0.59375,2048,1897.9420166015625,747,5.957018625327062e-06,0.4838870023392848,0.01107070697062359,0.043019404176625795,0.006768019055016339,411.4384725750424,391.75665283203125,391.75665283203125,391.75665283203125,0,13.20352317392826,12.577895159018226,163.9081653530011,,4.012801218777895e-05,650.0209859069437,2.9023969545960426e-05,,48.876151900039986,1,169,
170,50682.46147539,1784638651.821545,0.31739071011543274,0.23812627792358398,0.001,7.049312328917392e-05,3.6980306345733044e-07,0,0,0.00022948058013215052,0,2.4748666286468506,-0.012596234679222107,-2.4748597145080566,2.4748666286468506,-0.012596234679222107,-2.4748597145080566,1,0.01128571480512619,-0.5,1,0.01128571480512619,-0.5,1123644,1123644,1123644,1123644.0,1123644,0,176.96966552734375,54.06354761123657,58.16796875,0.33149787296739996,1713.1793848040659,655.8822794429725,1123644,0,699,635.2321166992188,603,0,0.5535714030265808,2048,1872.9017333984375,604,0.5535714030265808,2048,1872.9017333984375,604,5.765261903604271e-06,0.4826564840226076,0.011078565024973574,0.04277596670205444,0.006478101946413517,404.9777494840091,385.3106384277344,385.3106384277344,385.3106384277344,0,13.004645755980164,12.448363118921407,177.3700392479077,,3.548793029040098e-05,655.8822794429725,3.1551928259432316e-05,,48.06495832896326,1,170,
171,51331.26507426,1784639302.7551832,0.32775381207466125,0.24226394295692444,0.001,6.629266083889108e-05,3.719912472647702e-07,0,0,1.1136894926846938e-05,0,2.4748666286468506,-0.0010684794979169965,-2.4748597145080566,2.4748666286468506,-0.0010684794979169965,-2.4748597145080566,1,0.009161272086203098,-0.5,1,0.009161272086203098,-0.5,1137573,1137573,1137573,1137573.0,1137573,0,177.0543212890625,54.06354761123657,58.16796875,0.3323033220993102,1747.640754004084,650.9192449270049,1137573,0,685,635.6785888671875,604,0,0.6183035969734192,2048,1903.546875,359,0.6183035969734192,2048,1903.546875,359,5.586341248565941e-06,0.4884671342137325,0.011072705728798983,0.04273204030863285,0.0063548709731549025,416.5593989189947,396.9101257324219,396.9101257324219,396.9101257324219,0,13.175918260007165,12.596011074027047,159.9606758939335,,3.5807956010103226e-05,650.9192449270049,3.116694279015064e-05,,48.6108152900124,1,171,
172,51973.435793878,1784639951.558571,0.3232826888561249,0.2469496876001358,0.001,6.850373979339528e-05,3.7417943107221007e-07,0,0,0.00010907954604089337,0,2.4748666286468506,-0.006845145486295223,-2.4748597145080566,2.4748666286468506,-0.006845145486295223,-2.4748597145080566,1,0.01787053607404232,-0.5,1,0.01787053607404232,-0.5,1117298,1117298,1117298,1117298.0,1117298,0,177.01080322265625,54.06354761123657,58.16796875,0.33109982828287154,1722.132884278403,648.7873323829845,1117298,0,670,635.3214111328125,596,0,0.5491071343421936,2048,1858.6473388671875,342,0.5491071343421936,2048,1858.6473388671875,342,5.862850414922464e-06,0.476958569434143,0.011111023015368942,0.0428087068168784,0.006550551042892039,397.1509998450056,377.49261474609375,377.49261474609375,377.49261474609375,0,12.969650428043678,12.414323793025687,178.4057038530009,,3.961601760238409e-05,648.7873323829845,2.8799986466765404e-05,,47.830082509084605,1,172,
173,52632.686181335,1784640593.7294505,0.32838189601898193,0.24645225703716278,0.001,6.615485873059084e-05,3.7636761487964986e-07,0,0,0.0001037101239341368,0,2.4748666286468506,-0.005383499898016453,-0.8022938966751099,2.4748666286468506,-0.005383499898016453,-0.8022938966751099,1,0.02077455259859562,0,1,0.02077455259859562,0,1129763,1129763,1129763,1129763.0,1129763,0,177.17156982421875,54.06354761123657,58.16796875,0.3317485741623386,1759.3219189594515,642.15820187598,1129763,0,703,636.625,602,0,0.6004464030265808,2048,1885.1673583984375,578,0.6004464030265808,2048,1885.1673583984375,578,8.017911709756965e-06,0.49076256763855686,0.01107580414392736,0.04277259212419709,0.009058339986950159,414.4759803119814,394.7958984375,394.7958984375,394.7958984375,0,13.12830938200932,12.513033717055805,153.69881356996484,,3.2127019949257374e-05,642.15820187598,2.880010288208723e-05,,48.322891996009275,1,173,
174,53285.838823742,1784641252.9797022,0.3208903670310974,0.3134503662586212,0.001,6.963348300350659e-05,3.785557986870897e-07,0,0,0.00010149055712960889,0,2.4748666286468506,-0.005494256038218737,-2.4748597145080566,2.4748666286468506,-0.005494256038218737,-2.4748597145080566,1,0.02725892886519432,-0.5,1,0.02725892886519432,-0.5,1122495,1122495,1122495,1122495.0,1122495,0,176.78582763671875,54.06354761123657,58.16796875,0.331205278312174,1702.7212580185371,659.235911170952,1122495,0,683,638.1785888671875,602,0,0.5558035969734192,2048,1867.390625,508,0.5558035969734192,2048,1867.390625,508,5.648949897110753e-06,0.48048376545881166,0.0111166302433774,0.04281546319317805,0.006340918014757335,401.9683938289527,382.2308349609375,382.2308349609375,382.2308349609375,0,13.029493255075067,12.478361865039915,183.68312332604546,,3.6223907954990864e-05,659.235911170952,3.0559953302145004e-05,,48.06014335702639,1,174,
175,53942.315351376,1784641906.1323264,0.31909963488578796,0.2648509442806244,0.001,7.245642329359485e-05,3.8074398249452954e-07,0,0,0.0002072263419644774,0,2.4748666286468506,-0.011524259112775326,-2.4748597145080566,2.4748666286468506,-0.011524259112775326,-2.4748597145080566,1,0.010285713709890842,-0.5,1,0.010285713709890842,-0.5,1113206,1113206,1113206,1113206.0,1113206,0,176.9891357421875,54.06354761123657,58.16796875,0.3310011809135342,1704.395427474769,653.138339880039,1113206,0,676,631.7142944335938,594,0,0.546875,2048,1853.1204833984375,596,0.546875,2048,1853.1204833984375,596,5.763868461763077e-06,0.4796793344358572,0.011095478176520917,0.042807834596651224,0.0064163729548454285,398.22882408997975,378.51580810546875,378.51580810546875,378.51580810546875,0,12.9370673999656,12.351552878972143,181.95040559093468,,3.408000338822603e-05,653.138339880039,3.1008035875856876e-05,,47.653938319999725,1,175,
176,54604.943666711,1784642562.6090865,0.32209911942481995,0.2590416967868805,0.001,7.236796004783209e-05,3.8293216630196933e-07,0,0,0.00013397256139908176,0,2.4748666286468506,-0.0061979820020496845,-2.4748597145080566,2.4748666286468506,-0.0061979820020496845,-2.4748597145080566,1,0.012183034792542458,-0.5,1,0.012183034792542458,-0.5,1120490,1120490,1120490,1120490.0,1120490,0,176.99652099609375,54.06354761123657,58.16796875,0.3289097151461154,1706.8608087045936,656.4624334250111,1120490,0,705,637.9642944335938,601,0,0.5915178656578064,2048,1863.1295166015625,383,0.5915178656578064,2048,1863.1295166015625,383,5.7962819800105466e-06,0.4925734594828174,0.011107605748386033,0.04312274147387847,0.006494675995782018,411.142200308037,391.41851806640625,391.41851806640625,391.41851806640625,0,13.035046834964305,12.445961165009066,171.50339698803145,,3.849598579108715e-05,656.4624334250111,2.832000609487295e-05,,48.31860059406608,1,176,
177,55260.04162502,1784643225.2372909,0.3212061822414398,0.21360869705677032,0.001,6.887072899820738e-05,3.851203501094092e-07,0,0,-5.137512836918739e-07,0,2.4748666286468506,0.00022682220151182264,-2.4748597145080566,2.4748666286468506,0.00022682220151182264,-2.4748597145080566,1,0.008058035746216774,-0.5,1,0.008058035746216774,-0.5,1115478,1115478,1115478,1115478.0,1115478,0,177.06329345703125,54.06354761123657,58.16796875,0.33145151308591,1683.4507714851557,662.6139705979731,1115478,0,690,633.2142944335938,597,0,0.5379464030265808,2048,1856.6920166015625,568,0.5379464030265808,2048,1856.6920166015625,568,5.906293121364716e-06,0.4871333774221794,0.011081620984855975,0.042760908015159256,0.006588340038433671,405.19656907301396,385.53594970703125,385.53594970703125,385.53594970703125,0,12.928558483021334,12.361304412945174,184.41171158198267,,3.372807987034321e-05,662.6139705979731,3.132794518023729e-05,,47.69885215093382,1,177,
178,55912.300448691,1784643880.3352957,0.3203313648700714,0.2520081400871277,0.001,7.105335984937371e-05,3.8730853391684897e-07,0,0,3.909631762938689e-05,0,2.4748666286468506,-0.0030901955906301737,-2.4748597145080566,2.4748666286468506,-0.0030901955906301737,-2.4748597145080566,1,0.01809374988079071,-0.5,1,0.01809374988079071,-0.5,1115906,1115906,1115906,1115906.0,1115906,0,176.798583984375,54.06354761123657,58.16796875,0.3310418375470212,1703.4553117988173,655.0838124550646,1115906,0,697,633.1428833007812,599,0,0.5513392686843872,2048,1857.71875,596,0.5513392686843872,2048,1857.71875,596,5.852179280989304e-06,0.47833801500263495,0.011097055887352608,0.042815472782585365,0.00653048197273165,398.10063969006296,378.3597717285156,378.3597717285156,378.3597717285156,0,12.941618217970245,12.383271247032098,183.86327590199653,,3.695895429700613e-05,655.0838124550646,3.0911993235349655e-05,,47.77804297092371,1,178,
179,56584.213052527,1784644532.594202,0.3237888216972351,0.27818363904953003,0.001,7.2099163974469e-05,3.894967177242888e-07,0,0,0.0002983735365869135,0,2.4748666286468506,-0.01744680106639862,-2.4748597145080566,2.4748666286468506,-0.01744680106639862,-2.4748597145080566,1,0.020662946626544,-0.5,1,0.020662946626544,-0.5,1123109,1123109,1123109,1123109.0,1123109,0,177.44976806640625,54.06354761123657,58.16796875,0.3292218433228742,1721.913749206153,652.2446321819443,1123109,0,705,642.2678833007812,603,0,0.5669642686843872,2048,1864.671875,755,0.5669642686843872,2048,1864.671875,755,5.8674732316835235e-06,0.4853455182367689,0.01109761847873124,0.04307845357218567,0.006589811993762851,405.44454160600435,385.7901611328125,385.7901611328125,385.7901611328125,0,13.059772384003736,12.463835192029364,172.87797958799638,,3.7439982406795025e-05,652.2446321819443,3.033597022294998e-05,,48.38179891300388,1,179,
180,57247.437866134,1784645204.5067134,0.32278189063072205,0.2420710325241089,0.001,7.426465868329801e-05,3.9168490153172865e-07,0,0,0.00021961569127968835,0,2.4748666286468506,-0.011506547220051289,-0.5400605201721191,2.4748666286468506,-0.011506547220051289,-0.5400605201721191,1,0.02144196443259716,0,1,0.02144196443259716,0,1127418,1127418,1127418,1127418.0,1127418,0,177.2725830078125,54.06354761123657,58.16796875,0.33176373174846796,1677.9638866123041,671.8964627279202,1127418,0,688,638.4107055664062,598,0,0.5714285969734192,2048,1878.1473388671875,412,0.5714285969734192,2048,1878.1473388671875,412,5.705345353941766e-06,0.504142151946143,0.01109715997883934,0.04277184831977099,0.006432309048250318,424.19024806900416,404.5205078125,404.5205078125,404.5205078125,0,13.112227643025108,12.511137909023091,173.84486661397386,,3.929599188268185e-05,671.8964627279202,3.100791946053505e-05,,48.221751688979566,1,180,
181,57897.68514711,1784645867.7315392,0.32312995195388794,0.2567932903766632,0.001,7.674806707952057e-05,3.9387308533916844e-07,0,0,0.00031935202661065423,0,2.4748666286468506,-0.01740274392068386,-2.4748597145080566,2.4748666286468506,-0.01740274392068386,-2.4748597145080566,1,0.017656249925494194,-0.5,1,0.017656249925494194,-0.5,1109148,1109148,1109148,1109148.0,1109148,0,177.0450439453125,54.06354761123657,58.16796875,0.3310240523668566,1672.3875533201572,663.2123025539331,1109148,0,685,631.3392944335938,597,0,0.5424107313156128,2048,1844.4375,520,0.5424107313156128,2048,1844.4375,520,5.9598214343106524e-06,0.4819389080959186,0.01109422415954469,0.042794083175652524,0.006610324024222791,398.2299752709223,378.601318359375,378.601318359375,378.601318359375,0,12.890080109005794,12.305136538110673,192.30536448594648,,3.1136092729866505e-05,663.2123025539331,2.8511974960565567e-05,,47.46497176610865,1,181,
182,58560.490489196,1784646517.9788597,0.31838735938072205,0.30524295568466187,0.001,7.531810687006717e-05,3.960612691466083e-07,0,0,0.000110990175833612,0,2.4748666286468506,-0.004279683344066143,-0.9353968501091003,2.4748666286468506,-0.004279683344066143,-0.9353968501091003,1,0.01563895121216774,0,1,0.01563895121216774,0,1118695,1118695,1118695,1118695.0,1118695,0,177.26739501953125,54.06354761123657,58.16796875,0.3315567498598182,1720.451798632639,650.2332706380403,1118695,0,679,637,604,0,0.5446428656578064,2048,1860.0870361328125,519,0.5446428656578064,2048,1860.0870361328125,519,5.802322396180501e-06,0.4735028080435218,0.0110946965509446,0.04276174428329099,0.006491029052995145,394.57888649601955,374.8913879394531,374.8913879394531,374.8913879394531,0,12.962348261033185,12.41158155805897,182.4264454250224,,3.523193299770355e-05,650.2332706380403,2.8512091375887394e-05,,47.83734952099621,1,182,
183,59215.35894731,1784647180.7841408,0.3238564133644104,0.25690966844558716,0.001,7.578480787686907e-05,3.9824945295404813e-07,0,0,-1.1760205575692636e-05,0,2.4748666286468506,-0.0008604592294432223,-0.7231715321540833,2.4748666286468506,-0.0008604592294432223,-0.7231715321540833,1,0.02746875025331974,0,1,0.02746875025331974,0,1102418,1102418,1102418,1102418.0,1102418,0,176.99578857421875,54.06354761123657,58.16796875,0.3309688711628214,1663.2956899910853,662.7913525140611,1102418,0,712,633.6607055664062,599,0,0.5178571343421936,2048,1827.09375,544,0.5178571343421936,2048,1827.09375,544,8.278301879623974e-06,0.4917564826312881,0.011108391767077714,0.04277732697942134,0.009126149001531303,402.52136778004933,382.8503723144531,382.8503723144531,382.8503723144531,0,12.78347903501708,12.24609103507828,188.06291508791037,,3.6192010156810284e-05,662.7913525140611,3.0559953302145004e-05,,47.15849525399972,1,183,
184,59853.780397368,1784647835.6526144,0.32545724511146545,0.24464507400989532,0.001,7.341627103730332e-05,4.0043763676148797e-07,0,0,4.920892818944946e-05,0,2.4748666286468506,-0.002951396629214287,-2.4748597145080566,2.4748666286468506,-0.002951396629214287,-2.4748597145080566,1,0.008046874776482582,-0.5,1,0.008046874776482582,-0.5,1125717,1125717,1125717,1125717.0,1125717,0,177.5753173828125,54.06354761123657,58.16796875,0.3294069806300914,1719.0594769381917,654.8447072959971,1125717,0,703,638.0535888671875,601,0,0.5803571343421936,2048,1874.7076416015625,613,0.5803571343421936,2048,1874.7076416015625,613,5.9719627704686735e-06,0.4922412888152684,0.011103839716337478,0.0430661422035843,0.0067227400140836835,413.4181989959907,393.6876220703125,393.6876220703125,393.6876220703125,0,13.087951421970502,12.499781133956276,167.34172486001626,,4.771107342094183e-05,654.8447072959971,3.212690353393555e-05,,48.4802884029923,1,184,
185,60507.41716759,1784648474.0741394,0.32240888476371765,0.23413483798503876,0.001,7.326026121629591e-05,4.026258205689278e-07,0,0,0.00020439247378000838,0,2.4748666286468506,-0.011532743461430073,-2.4748597145080566,2.4748666286468506,-0.011532743461430073,-2.4748597145080566,1,0.02802678570151329,-0.5,1,0.02802678570151329,-0.5,1120141,1120141,1120141,1120141.0,1120141,0,177.531982421875,54.06354761123657,58.16796875,0.3313373431097953,1754.5814851667258,638.4092214979464,1120141,0,735,639.75,601,0,0.5758928656578064,2048,1860.564697265625,552,0.5758928656578064,2048,1860.564697265625,552,5.960924551178598e-06,0.48136622217248226,0.011100026197594296,0.04280104788678664,0.0066770759876817465,401.2346312660957,381.51385498046875,381.51385498046875,381.51385498046875,0,13.016914317966439,12.433594444999471,163.7639544409467,,2.822396345436573e-05,638.4092214979464,2.9920018278062344e-05,,47.94320858095307,1,185,
186,61158.286594355,1784649127.7106087,0.32742151618003845,0.28005826473236084,0.001,7.469836812245431e-05,4.048140043763676e-07,0,0,0.0001310909639720862,0,2.4748666286468506,-0.00842292234301567,-2.4748597145080566,2.4748666286468506,-0.00842292234301567,-2.4748597145080566,1,0.022785713896155357,-0.5,1,0.022785713896155357,-0.5,1120456,1120456,1120456,1120456.0,1120456,0,178.03106689453125,54.06354761123657,58.16796875,0.32933380174598476,1714.2207006140907,653.6241217940114,1120456,0,726,639.8214111328125,596,0,0.5736607313156128,2048,1861.1964111328125,514,0.5736607313156128,2048,1861.1964111328125,514,5.692216398316612e-06,0.4901715655552343,0.011092018911905262,0.04305685857636209,0.006377878016792238,408.7128941050032,388.9830627441406,388.9830627441406,388.9830627441406,0,13.041083698044531,12.428119141957723,171.18225031998008,,2.985598985105753e-05,653.6241217940114,3.071990795433521e-05,,48.243315533036366,1,186,
187,61826.98490518,1784649778.5802648,0.31957146525382996,0.2628934681415558,0.001,8.183526808018224e-05,4.0700218818380745e-07,0,0,1.0306787530402184e-05,0,2.4748666286468506,-0.0007473618607036769,-2.4748597145080566,2.4748666286468506,-0.0007473618607036769,-2.4748597145080566,1,0.01118080411106348,-0.5,1,0.01118080411106348,-0.5,1107870,1107870,1107870,1107870.0,1107870,0,177.65533447265625,54.06354761123657,58.16796875,0.3308977841017408,1702.1709108985258,650.8570866219234,1107870,0,675,634.2142944335938,599,0,0.53125,2048,1838.7098388671875,1021,0.53125,2048,1838.7098388671875,1021,5.8110121167529134e-06,0.4778841676508391,0.011100094731424945,0.0427902386860099,0.00643784599378705,393.6532600290375,373.93487548828125,373.93487548828125,373.93487548828125,0,12.90198580804281,12.297461950103752,184.58125772606581,,2.780696377158165e-05,650.8570866219234,3.0176015570759773e-05,,47.40602173306979,1,187,
188,62495.610597372,1784650447.278487,0.3163158893585205,0.23277516663074493,0.001,7.722243716838122e-05,4.0919037199124724e-07,0,0,-1.8912195572534544e-05,0,2.4748666286468506,0.00038222907460294664,-2.4748597145080566,2.4748666286468506,0.00038222907460294664,-2.4748597145080566,1,0.020770089700818062,-0.5,1,0.020770089700818062,-0.5,1104831,1104831,1104831,1104831.0,1104831,0,177.75872802734375,54.06354761123657,58.16796875,0.328682960968005,1652.242151972247,668.6858815950109,1104831,0,709,638.9107055664062,599,0,0.4910714328289032,2048,1827.2298583984375,587,0.4910714328289032,2048,1827.2298583984375,587,5.880172697383406e-06,0.4808423371992759,0.011124569468062407,0.04308310915070668,0.006496597081422806,393.61705638899,373.9391784667969,373.9391784667969,373.9391784667969,0,12.852247069007717,12.290769209968857,202.30944631097373,,2.7552014216780663e-05,668.6858815950109,2.9632006771862507e-05,,47.59955456608441,1,188,
189,63141.429654938,1784651115.904048,0.3188730478286743,0.24479664862155914,0.001,7.907140299758626e-05,4.113785557986871e-07,0,0,0.0002171738362486227,0,2.4748666286468506,-0.012436432763934135,-2.4748597145080566,2.4748666286468506,-0.012436432763934135,-2.4748597145080566,1,0.010069196112453938,-0.5,1,0.010069196112453938,-0.5,1104758,1104758,1104758,1104758.0,1104758,0,177.61614990234375,54.06354761123657,58.16796875,0.33067253381210504,1652.3127675625672,668.6131231859326,1104758,0,691,631.625,598,0,0.5446428656578064,2048,1834.3526611328125,312,0.5446428656578064,2048,1834.3526611328125,312,5.869960705686659e-06,0.4774207143929334,0.01109200590084207,0.04283024724145288,0.006484886049292982,392.3395688809687,372.6685485839844,372.6685485839844,372.6685485839844,0,12.826234646956436,12.253982255002484,203.85970182192978,,3.113504499197006e-05,668.6131231859326,3.0815950594842434e-05,,47.317058281973004,1,189,
190,63800.688812719,1784651761.723135,0.32017698884010315,0.2561682462692261,0.001,7.89172220404963e-05,4.1356673960612687e-07,0,0,0.00029731264049234817,0,2.4748666286468506,-0.015615302138030529,-0.5508775115013123,2.4748666286468506,-0.015615302138030529,-0.5508775115013123,1,0.03193303570151329,0,1,0.03193303570151329,0,1112731,1112731,1112731,1112731.0,1112731,0,177.667236328125,54.06354761123657,58.16796875,0.32879744231937247,1723.0101112754626,645.8064248829614,1112731,0,773,636.5714111328125,599,0,0.5602678656578064,2048,1847.203125,621,0.5602678656578064,2048,1847.203125,621,5.750943325581438e-06,0.4739357276601072,0.01110299811548097,0.04309667408024198,0.006399252917617559,392.20408961793873,372.49298095703125,372.49298095703125,372.49298095703125,0,12.919991757022217,12.354650196037255,180.3562013900373,,2.8608017601072788e-05,645.8064248829614,3.145600203424692e-05,,47.95500524598174,1,190,
191,64465.949489494,1784652420.982465,0.31961989402770996,0.26829978823661804,0.001,7.917426773929037e-05,4.157549234135667e-07,0,0,0.0001105599603389998,0,2.4748666286468506,-0.006281889043748379,-2.4748597145080566,2.4748666286468506,-0.006281889043748379,-2.4748597145080566,1,0.03015011176466942,-0.5,1,0.03015011176466942,-0.5,1107023,1107023,1107023,1107023.0,1107023,0,177.39410400390625,54.06354761123657,58.16796875,0.32883451427777877,1679.2286912454783,659.2449293960817,1107023,0,708,635.7857055664062,602,0,0.53125,2048,1835.247802734375,442,0.53125,2048,1835.247802734375,442,5.9171498758178995e-06,0.4778494583690491,0.011085947169137285,0.043071277528088266,0.006550421006977558,392.8835240259068,373.1257629394531,373.1257629394531,373.1257629394531,0,12.898940188926645,12.272398493019864,193.49253126292024,,3.663904499262571e-05,659.2449293960817,3.251200541853905e-05,,47.68089486297686,1,191,
192,65127.791311633,1784653086.2431498,0.32232847809791565,0.3068177103996277,0.001,8.500123539659174e-05,4.1794310722100656e-07,0,0,0.0003485621173611583,0,2.4748666286468506,-0.018350839614868164,-2.4748597145080566,2.4748666286468506,-0.018350839614868164,-2.4748597145080566,1,0.0234531257301569,-0.5,1,0.0234531257301569,-0.5,1115042,1115042,1115042,1115042.0,1115042,0,177.176025390625,54.06354761123657,58.16796875,0.33118161673077484,1676.1584065509662,665.236648065038,1115042,0,666,632.3214111328125,601,0,0.5401785969734192,2048,1856.611572265625,475,0.5401785969734192,2048,1856.611572265625,475,5.843402328521002e-06,0.480316738681268,0.011090274327757693,0.04279437616782039,0.006515639019198716,399.50921119900886,379.8415222167969,379.8415222167969,379.8415222167969,0,12.948137309984304,12.366121666971594,192.6784655119991,,4.652806092053652e-05,665.236648065038,3.1776027753949165e-05,,47.71752679091878,1,192,
193,65801.684031062,1784653748.0849037,0.3198655843734741,0.25964686274528503,0.001,8.475616948776497e-05,4.2013129102844635e-07,0,0,3.123837799351776e-05,0,2.4748666286468506,-0.0015147327212616801,-2.4748597145080566,2.4748666286468506,-0.0015147327212616801,-2.4748597145080566,1,0.016312498599290848,-0.5,1,0.016312498599290848,-0.5,1100626,1100626,1100626,1100626.0,1100626,0,177.38726806640625,54.06354761123657,58.16796875,0.33058123328059125,1663.0058970116213,661.8292827330297,1100626,0,687,633.9464111328125,598,0,0.4933035671710968,2048,1822.8079833984375,408,0.4933035671710968,2048,1822.8079833984375,408,5.877257074048671e-06,0.46447310840566824,0.011098296344022193,0.0428114074871826,0.006468661944381893,379.29710084002,359.6059265136719,359.6059265136719,359.6059265136719,0,12.79913281998597,12.21507351193577,210.38205126998946,,2.7743983082473278e-05,661.8292827330297,3.2288022339344025e-05,,47.11934817698784,1,193,
194,66577.367467547,1784654421.9776735,0.32074087858200073,0.21916183829307556,0.001,8.360271779250125e-05,4.223194748358862e-07,0,0,0.0001548727206904821,0,2.4748666286468506,-0.008048522286117077,-2.4748597145080566,2.4748666286468506,-0.008048522286117077,-2.4748597145080566,1,0.010502232238650322,-0.5,1,0.010502232238650322,-0.5,1111729,1111729,1111729,1111729.0,1111729,0,177.07171630859375,54.06354761123657,58.16796875,0.33106511180854226,1649.7426692901906,673.8802485349588,1111729,0,710,632.375,596,0,0.4933035671710968,2048,1849.1629638671875,466,0.4933035671710968,2048,1849.1629638671875,466,5.83300880601558e-06,0.47777649424386126,0.01109662057568672,0.042786724141383764,0.006484725046902895,395.80199224397074,376.0923156738281,376.0923156738281,376.0923156738281,0,12.90096040291246,12.336434895987622,205.25691413099412,,3.148801624774933e-05,673.8802485349588,2.9760063625872135e-05,,47.56724204297643,1,194,
195,67249.963165818,1784655197.661077,0.3185937702655792,0.21132461726665497,0.001,8.706620324768922e-05,4.24507658643326e-07,0,0,-2.8644685606158554e-06,0,2.4748666286468506,-8.572196747991256e-06,-0.35757210850715637,2.4748666286468506,-8.572196747991256e-06,-0.35757210850715637,1,0.011950892396271229,0,1,0.011950892396271229,0,1114319,1114319,1114319,1114319.0,1114319,0,177.39599609375,54.06354761123657,58.16796875,0.33087865294507174,1436.587105617914,775.6710300700506,1114319,0,719,637.2857055664062,600,0,0.5290178656578064,2048,1850.033447265625,613,0.5290178656578064,2048,1850.033447265625,613,5.710327099892984e-06,0.6167862580091963,0.011088092500449682,0.04282741562605339,0.00636312598362565,511.20170243189204,491.4950256347656,491.4950256347656,491.4950256347656,0,12.984878937946633,12.35567214700859,191.388777035987,,2.847996074706316e-05,775.6710300700506,3.142410423606634e-05,,47.72340295300819,1,195,
196,67911.014625562,1784655870.2567801,0.3188721835613251,0.2816288471221924,0.001,8.820040424399516e-05,4.266958424507658e-07,0,0,0.0001037267413118329,0,2.4748666286468506,-0.006223385687917471,-1.2963600158691406,2.4748666286468506,-0.006223385687917471,-1.2963600158691406,1,0.023022321984171867,-0.5,1,0.023022321984171867,-0.5,1094942,1094942,1094942,1094942.0,1094942,0,176.9327392578125,54.06354761123657,58.16796875,0.33056992840194627,1627.964798207214,672.5833391519263,1094942,0,712,634.9821166992188,595,0,0.4464285671710968,2048,1809.0848388671875,282,0.4464285671710968,2048,1809.0848388671875,282,5.809044627040748e-06,0.4650534731661252,0.011118969173646926,0.04279789169572428,0.006360566942021251,376.9118883969495,357.25616455078125,357.25616455078125,357.25616455078125,0,12.699455001973547,12.174626344931312,223.9196232999675,,3.020802978426218e-05,672.5833391519263,2.9984046705067158e-05,,46.861209129099734,1,196,
197,68576.346965064,1784656531.3081062,0.317293256521225,0.257982462644577,0.001,8.724870119239107e-05,4.2888402625820566e-07,0,0,0.00018477919321431186,0,2.4748666286468506,-0.010638648644089699,-2.4748597145080566,2.4748666286468506,-0.010638648644089699,-2.4748597145080566,1,0.026344308629631996,-0.5,1,0.026344308629631996,-0.5,1102098,1102098,1102098,1102098.0,1102098,0,177.5120849609375,54.06354761123657,58.16796875,0.3305376366134964,1667.221076766073,661.0389080119785,1102098,0,708,631.9107055664062,596,0,0.4910714328289032,2048,1828.1295166015625,692,0.4910714328289032,2048,1828.1295166015625,692,5.8885163190360515e-06,0.4716543926157264,0.011108398307598813,0.042828357654308515,0.006489722058176994,386.2858908610651,366.6119689941406,366.6119689941406,366.6119689941406,0,12.792209668084979,12.242543558008038,202.50065335503314,,2.8255977667868137e-05,661.0389080119785,3.030302468687296e-05,,47.201047314098105,1,197,
198,69214.791414139,1784657196.640595,0.3187100887298584,0.3367268741130829,0.001,8.763662614854889e-05,4.3107221006564545e-07,0,0,-1.5413790680788814e-05,0,2.4748666286468506,0.00028708038735203445,-2.4748597145080566,2.4748666286468506,0.00028708038735203445,-2.4748597145080566,1,0.026810267940163612,-0.5,1,0.026810267940163612,-0.5,1100064,1100064,1100064,1100064.0,1100064,0,177.70379638671875,54.06354761123657,58.16796875,0.32835984674915,1653.4362382690167,665.3198802220868,1100064,0,693,638.1071166992188,595,0,0.5111607313156128,2048,1817.392822265625,705,0.5111607313156128,2048,1817.392822265625,705,5.968399117053677e-06,0.4769720537355156,0.011121545193745492,0.04310993193672901,0.0065656210063025355,388.3468303750269,368.7210388183594,368.7210388183594,368.7210388183594,0,12.80208653700538,12.234411492012441,204.4962512499187,,2.8767972253262997e-05,665.3198802220868,2.9759015887975693e-05,,47.42368416604586,1,198,
199,71684.339441534,1784657835.085064,0.3191544711589813,0.2936580181121826,0.001,8.648331061763481e-05,4.3326039387308535e-07,0,0,0.00013204027976714813,0,2.4748666286468506,-0.007617715280503035,-2.4748597145080566,2.4748666286468506,-0.007617715280503035,-2.4748597145080566,1,0.021223213523626328,-0.5,1,0.021223213523626328,-0.5,1122842,1122842,1122842,1122842.0,1122842,0,177.65966796875,54.06354761123657,58.16796875,0.3313417309393007,1758.7543235322978,638.4302713439101,1122842,0,740,646.8392944335938,602,0,0.5669642686843872,2048,1859.5045166015625,483,0.5669642686843872,2048,1859.5045166015625,483,5.7016659975227584e-06,0.4747658768081186,0.011089968442550387,0.042805261257529446,0.006402070051990449,395.5075118020177,375.8110656738281,375.8110656738281,375.8110656738281,0,13.024959526024759,12.452282345970161,169.36481297202408,,3.398407716304064e-05,638.4302713439101,2.947193570435047e-05,,48.06354516092688,1,199,
200,72352.44001592,1784660304.6329956,0.3094591200351715,0.23593008518218994,0.001,8.86856729749172e-05,4.3544857768052514e-07,0,0,0.0002513552105056635,0,2.4748666286468506,-0.013986111618578434,-1.6166927814483643,2.4748666286468506,-0.013986111618578434,-1.6166927814483643,1,0.02078627236187458,0,1,0.02078627236187458,0,1101688,1101688,1101688,1101688.0,1101688,0,178.01263427734375,54.06354761123657,58.16796875,0.3284885863581695,1667.5101637547143,660.6784317999845,1101688,0,772,643.875,594,0,0.5022321343421936,2048,1815.25,566,0.5022321343421936,2048,1815.25,566,5.767054792705584e-06,0.47386643081546576,0.011107578218090905,0.043099760932281815,0.00635349506046623,385.3633452649228,365.6645202636719,365.6645202636719,365.6645202636719,0,12.825254808994941,12.237085631932132,202.75375509099104,28.922930852044374,5.1135895773768425e-05,660.6784317999845,5.145592149347067e-05,1779.9227642259793,47.48248942196369,1,200,-8.39999932795763e-05
201,73011.466170171,1784660972.7337883,0.3133765161037445,0.23415842652320862,0.001,9.755915922067621e-05,4.37636761487965e-07,0,0,0.0003312471957059995,0,2.4748666286468506,-0.019756359979510307,-1.5170280933380127,2.4748666286468506,-0.019756359979510307,-1.5170280933380127,1,0.025245536118745804,-0.5,1,0.025245536118745804,-0.5,1101974,1101974,1101974,1101974.0,1101974,0,172.76898193359375,54.06354761123657,58.16796875,0.3305498089221342,1649.444540436396,668.0879368690075,1101974,0,713,639.5,597,0,0.4776785671710968,2048,1820.263427734375,708,0.4776785671710968,2048,1820.263427734375,708,5.959825783928595e-06,0.4710678259523891,0.011113150125039179,0.04282798424019242,0.00656757305841893,384.14544857200235,364.4714660644531,364.4714660644531,364.4714660644531,0,12.813263114076108,12.246402495889924,211.66935754090082,,2.7296016924083233e-05,668.0879368690075,3.183993976563215e-05,,47.1953251051018,1,201,
202,73664.625691455,1784661631.7598276,0.3127129375934601,0.33887702226638794,0.001,9.518977235622552e-05,4.3982494529540483e-07,0,0,7.525311304227809e-05,0,2.4748666286468506,-0.0040974742732942104,-2.4748597145080566,2.4748666286468506,-0.0040974742732942104,-2.4748597145080566,1,0.023444194346666336,-0.5,1,0.023444194346666336,-0.5,1105542,1105542,1105542,1105542.0,1105542,0,174.702392578125,54.06354761123657,58.16796875,0.3308696449998235,1677.570202473542,659.0138513249112,1105542,0,675,638.9821166992188,600,0,0.5,2048,1828.7454833984375,602,0.5,2048,1828.7454833984375,602,5.893236956875483e-06,0.47472289309114385,0.011119753065889748,0.04279986169777175,0.006515220971778035,388.93002240592614,369.1552429199219,369.1552429199219,369.1552429199219,0,12.803153820917942,12.293354043969885,197.6530412019929,,2.9567047022283077e-05,659.0138513249112,3.0784052796661854e-05,,47.317044701077975,1,202,
203,74320.423687167,1784662284.9193702,0.31750547885894775,0.2670201063156128,0.001,9.106121203275302e-05,4.420131291028446e-07,0,0,0.00021548571596575092,0,2.4748666286468506,-0.011628023348748684,-0.5400605201721191,2.4748666286468506,-0.011628023348748684,-0.5400605201721191,1,0.029029015451669693,0,1,0.029029015451669693,0,1105992,1105992,1105992,1105992.0,1105992,0,175.83935546875,54.06354761123657,58.16796875,0.3307889141896053,1693.327613936776,653.1470879570115,1105992,0,700,633.125,597,0,0.5424107313156128,2048,1835.607177734375,382,0.5424107313156128,2048,1835.607177734375,382,5.941848585603319e-06,0.478308916222015,0.011104919911715637,0.042815283508402836,0.006571637000888586,393.3382938730065,373.6272277832031,373.6272277832031,373.6272277832031,0,12.823675637017004,12.281952582998201,187.3325900270138,,2.879893872886896e-05,653.1470879570115,3.129604738205671e-05,,47.35336103802547,1,203,
204,74966.860648935,1784662940.7173316,0.3188200891017914,0.2619531452655792,0.001,9.283100623680203e-05,4.4420131291028446e-07,0,0,0.0001580881207886779,0,2.4748666286468506,-0.009096501395106316,-2.4748597145080566,2.4748666286468506,-0.009096501395106316,-2.4748597145080566,1,0.016968751326203346,-0.5,1,0.016968751326203346,-0.5,1112820,1112820,1112820,1112820.0,1112820,0,177.09405517578125,54.06354761123657,58.16796875,0.33105261835486555,1696.9260384214772,655.7858002079884,1112820,0,692,635.4285888671875,596,0,0.5491071343421936,2048,1848.544677734375,586,0.5491071343421936,2048,1848.544677734375,586,5.82812487622055e-06,0.4797165634428609,0.011099926750089537,0.0428032583059455,0.006485653924755752,397.2763125820784,377.6214294433594,377.6214294433594,377.6214294433594,0,12.950210883980617,12.35222048603464,185.55811394494958,,2.7360045351088047e-05,655.7858002079884,3.065506462007761e-05,,47.63232190802228,1,204,
205,75639.302769098,1784663587.1543322,0.314272940158844,0.27350011467933655,0.001,9.83814059100969e-05,4.4638949671772425e-07,0,0,0.00022657683112644307,0,2.4748666286468506,-0.012673799879848957,-2.4748597145080566,2.4748666286468506,-0.012673799879848957,-2.4748597145080566,1,0.027687501162290573,-0.5,1,0.027687501162290573,-0.5,1093800,1093800,1093800,1093800.0,1093800,0,177.203369140625,54.06354761123657,58.16796875,0.33039565642735413,1692.0926979358874,646.4184860169189,1093800,0,743,639.8392944335938,597,0,0.5044642686843872,2048,1801.6785888671875,590,0.5044642686843872,2048,1801.6785888671875,590,5.967560724720896e-06,0.4764251255252745,0.011118608432906053,0.04281947695109316,0.006527317920699716,384.54749291797634,364.9189147949219,364.9189147949219,364.9189147949219,0,12.706738664070144,12.161533903912641,190.150450318004,,4.035199526697397e-05,646.4184860169189,2.8672046028077602e-05,,46.83594388910569,1,205,
206,76300.375776237,1784664259.5964088,0.31243419647216797,0.2523801326751709,0.001,9.998499021725254e-05,4.485776805251641e-07,0,0,0.00026051721675796627,0,2.4748666286468506,-0.01573430746793747,-2.4748597145080566,2.4748666286468506,-0.01573430746793747,-2.4748597145080566,1,0.02702455408871174,-0.5,1,0.02702455408871174,-0.5,1099469,1099469,1099469,1099469.0,1099469,0,177.9786376953125,54.06354761123657,58.16796875,0.330405537853711,1635.0684747277026,672.4299422280164,1099469,0,722,642.2321166992188,606,0,0.4821428656578064,2048,1811.939697265625,731,0.4821428656578064,2048,1811.939697265625,731,5.901165975892425e-06,0.4758743352218874,0.01114341266100924,0.042831994070820674,0.006488149054348469,386.29051574203186,366.6222229003906,366.6222229003906,366.6222229003906,0,12.792766490019858,12.251836774987169,213.9858775140019,,2.835202030837536e-05,672.4299422280164,2.97279329970479e-05,,47.092449689051136,1,206,
207,76982.204734015,1784664920.6694167,0.31591907143592834,0.2529985010623932,0.001,0.00010074689107939925,4.5076586433260394e-07,0,0,0.00014774761439184658,0,2.4748666286468506,-0.008637947961688042,-2.4748597145080566,2.4748666286468506,-0.008637947961688042,-2.4748597145080566,1,0.01161383930593729,-0.5,1,0.01161383930593729,-0.5,1111434,1111434,1111434,1111434.0,1111434,0,178.08197021484375,54.06354761123657,58.16796875,0.32890064427599763,1681.2891003593268,661.0606110290391,1111434,0,718,637.2142944335938,597,0,0.5,2048,1843.6651611328125,557,0.5,2048,1843.6651611328125,557,5.937199114800032e-06,0.46865075057079975,0.011114823007894794,0.04306849907057457,0.00659880496095866,387.0877112429589,367.37322998046875,367.37322998046875,367.37322998046875,0,12.93486015999224,12.353392194956541,200.80030940799043,,2.556806430220604e-05,661.0606110290391,2.9728049412369728e-05,,47.86779419600498,1,207,
208,77643.493151208,1784665602.4985075,0.3118281960487366,0.2553527057170868,0.001,0.00010163851135187041,4.529540481400437e-07,0,0,0.00017683031283199013,0,2.4748666286468506,-0.00991892907768488,-2.4748597145080566,2.4748666286468506,-0.00991892907768488,-2.4748597145080566,1,0.018089285120368004,-0.5,1,0.018089285120368004,-0.5,1097111,1097111,1097111,1097111.0,1097111,0,177.9110107421875,54.06354761123657,58.16796875,0.33051954840176545,1609.1104299575697,681.8121240000473,1097111,0,696,632.2678833007812,596,0,0.4553571343421936,2048,1816.640625,838,0.4553571343421936,2048,1816.640625,838,5.907403115968032e-06,0.47429051170539316,0.011130024466950784,0.04280200742038452,0.006481076939962804,386.00370440399274,366.3271484375,366.3271484375,366.3271484375,0,12.733327797031961,12.210872272960842,223.8891545679653,,4.07359329983592e-05,681.8121240000473,3.05279390886426e-05,,46.95855316298548,1,208,
209,78311.790790959,1784666263.7866654,0.30616527795791626,0.19381336867809296,0.001,0.00011179129039507587,4.5514223194748357e-07,0,0,0.00014580580897686278,0,2.4748666286468506,-0.007869387045502663,-1.3480722904205322,2.4748666286468506,-0.007869387045502663,-1.3480722904205322,1,0.003808035980910063,-0.5,1,0.003808035980910063,-0.5,1107424,1107424,1107424,1107424.0,1107424,0,178.6820068359375,54.06354761123657,58.16796875,0.33070712712556954,1674.6772334562168,661.2760822660057,1107424,0,719,641.5,598,0,0.4888392984867096,2048,1830.4285888671875,568,0.4888392984867096,2048,1830.4285888671875,568,5.916972218565921e-06,0.46869769387653,0.01111007140080958,0.042818998324877455,0.006552597042173147,384.3471073049586,364.637939453125,364.637939453125,364.637939453125,0,12.90074251301121,12.303559710970148,204.28930910199415,,2.6240013539791107e-05,661.2760822660057,3.0046910978853703e-05,,47.41878640092909,1,209,
210,78996.144253823,1784666932.084425,0.31371334195137024,0.3260686695575714,0.001,0.00010544094981682695,4.5733041575492336e-07,0,0,0.00011064002868880956,0,2.4748666286468506,-0.006472486536949873,-0.9076016545295715,2.4748666286468506,-0.006472486536949873,-0.9076016545295715,1,0.038636159151792526,0,1,0.038636159151792526,0,1099181,1099181,1099181,1099181.0,1099181,0,177.89739990234375,54.06354761123657,58.16796875,0.3303204137447556,1644.7778295032806,668.2853941021021,1099181,0,685,632.6785888671875,591,0,0.4821428656578064,2048,1820.8504638671875,586,0.4821428656578064,2048,1820.8504638671875,586,6.0316245518470675e-06,0.46171123752258253,0.011097747058966389,0.04283875445442545,0.006629847106523812,376.636786607909,357.0028076171875,357.0028076171875,357.0028076171875,0,12.779158463934436,12.198432710021734,219.56678068405017,,2.6144087314605713e-05,668.2853941021021,3.120000474154949e-05,,47.08754495996982,1,210,
211,79681.449923626,1784667616.4379191,0.3119625449180603,0.30642229318618774,0.001,0.00011095656417619094,4.595185995623632e-07,0,0,0.0003301945172858481,0,2.4748666286468506,-0.017025403678417206,-2.4748597145080566,2.4748666286468506,-0.017025403678417206,-2.4748597145080566,1,0.023691965267062187,-0.5,1,0.023691965267062187,-0.5,1086536,1086536,1086536,1086536.0,1086536,0,178.10162353515625,54.06354761123657,58.16796875,0.3302220779056114,1587.7106496052656,684.3413189110579,1086536,0,710,635.6428833007812,598,0,0.4375,2048,1789.6607666015625,543,0.4375,2048,1789.6607666015625,543,5.9545905253906e-06,0.47645996423401127,0.011119221535266883,0.04281046307623061,0.0064698769710958,382.01035260397475,362.29669189453125,362.29669189453125,362.29669189453125,0,12.626417841995135,12.081434490042739,231.09153610200156,,2.6943976990878582e-05,684.3413189110579,3.084796480834484e-05,,46.51510930899531,1,211,
212,80454.667382729,1784668301.7435708,0.3121396005153656,0.3452010452747345,0.001,0.00010907625225942809,4.6170678336980304e-07,0,0,4.4286756301702616e-05,0,2.4748666286468506,-0.0024921009317040443,-0.7231715321540833,2.4748666286468506,-0.0024921009317040443,-0.7231715321540833,1,0.03572991117835045,0,1,0.03572991117835045,0,1065727,1065727,1065727,1065727.0,1065727,0,178.41986083984375,54.06354761123657,58.16796875,0.32925837355618526,1555.1440049105315,685.2915206790203,1065727,0,744,634.8392944335938,595,0,0.3638392984867096,2048,1744.015625,721,0.3638392984867096,2048,1744.015625,721,6.1093525483902125e-06,0.4599982726019454,0.011135924362485916,0.04285005777465307,0.006510901963338256,359.4053903510794,339.7903137207031,339.7903137207031,339.7903137207031,0,12.390001770923845,11.867855263059027,255.94552920700517,,2.4640001356601715e-05,685.2915206790203,3.113597631454468e-05,,45.66646352200769,1,212,
213,81110.835056873,1784669074.9610407,0.31078407168388367,0.3286089599132538,0.001,0.00011588530840675289,4.6389496717724283e-07,0,0,0.00013480006472658417,0,2.4748666286468506,-0.006905918009579182,-2.4748597145080566,2.4748666286468506,-0.006905918009579182,-2.4748597145080566,1,0.047997768968343735,-0.5,1,0.047997768968343735,-0.5,1066666,1066666,1066666,1066666.0,1066666,0,178.38006591796875,54.06354761123657,58.16796875,0.3293238193480165,1379.5490519709617,773.1990381031064,1066666,0,686,634.4107055664062,599,0,0.4263392984867096,2048,1746.5401611328125,379,0.4263392984867096,2048,1746.5401611328125,379,6.126713497219913e-06,0.46636268219434635,0.01113175819228307,0.042855818469883344,0.006535156979225576,364.9054806829663,345.2245788574219,345.2245788574219,345.2245788574219,0,12.394840999040753,11.873867983929813,338.2954323060112,,4.028796683996916e-05,773.1990381031064,3.12320189550519e-05,,45.71284446399659,1,213,
214,81776.139992979,1784669731.1286924,0.31498247385025024,0.33632394671440125,0.001,0.00011597766028063807,4.6608315098468273e-07,0,0,7.566436111769044e-05,0,2.4748666286468506,-0.005329771898686886,-2.4748597145080566,2.4748666286468506,-0.005329771898686886,-2.4748597145080566,1,0.04154464229941368,-0.5,1,0.04154464229941368,-0.5,1086131,1086131,1086131,1086131.0,1086131,0,178.435546875,54.06354761123657,58.16796875,0.32989930814485907,1655.2952387525809,656.1554546719417,1086131,0,724,637.9642944335938,597,0,0.4732142984867096,2048,1786.435302734375,522,0.4732142984867096,2048,1786.435302734375,522,8.448104309909496e-06,0.4703547316045173,0.01111750490782962,0.042858920077792025,0.009175747982226312,376.4357098619221,356.79150390625,356.79150390625,356.79150390625,0,12.620588073972613,12.075066723045893,208.4544616950443,,2.7008005417883396e-05,656.1554546719417,3.0144001357257366e-05,,46.55040172301233,1,214,
215,82444.292387777,1784670396.4336493,0.30481770634651184,0.31563064455986023,0.001,0.00012575737833240238,4.682713347921225e-07,0,0,0.00026992912000646264,0,2.4748666286468506,-0.015105433762073517,-2.4305946826934814,2.4748666286468506,-0.015105433762073517,-2.4305946826934814,1,0.028595980256795883,-0.5,1,0.028595980256795883,-0.5,1079638,1079638,1079638,1079638.0,1079638,0,178.282958984375,54.06354761123657,58.16796875,0.32951396012281386,1622.801409681368,665.2927422659704,1079638,0,713,640.0178833007812,600,0,0.4129464328289032,2048,1769.888427734375,760,0.4129464328289032,2048,1769.888427734375,760,6.165493520002093e-06,0.45977780387820755,0.011118626002418605,0.0428678834165073,0.0066565010929480195,364.56241847306956,344.93646240234375,344.93646240234375,344.93646240234375,0,12.54795172996819,12.004091139999218,229.87978028599173,,2.6400084607303143e-05,665.2927422659704,3.091094549745321e-05,,46.281795916031115,1,215,
216,83112.309111056,1784671064.5861287,0.3113728165626526,0.263338565826416,0.001,0.00012254552667418836,4.7045951859956236e-07,0,0,7.86780325068655e-05,0,2.4748666286468506,-0.004580780863761902,-2.4748597145080566,2.4748666286468506,-0.004580780863761902,-2.4748597145080566,1,0.017212053760886192,-0.5,1,0.017212053760886192,-0.5,1077364,1077364,1077364,1077364.0,1077364,0,178.51812744140625,54.06354761123657,58.16796875,0.32953261607480056,1612.4902403389674,668.1367570779985,1077364,0,692,637.3928833007812,599,0,0.4107142984867096,2048,1767.4375,363,0.4107142984867096,2048,1767.4375,363,6.046123710802448e-06,0.46324486269224513,0.011125447592428915,0.04285632777969236,0.006513876025564969,366.802841218072,347.186279296875,347.186279296875,347.186279296875,0,12.537953281076625,11.986156719969586,230.6211657290114,,3.974395804107189e-05,668.1367570779985,3.0079972930252552e-05,,46.17186472204048,1,216,
217,83780.310034858,1784671732.602559,0.30159515142440796,0.37091416120529175,0.001,0.00012502621705477525,4.726477024070022e-07,0,0,0.0001605418151391822,0,2.4748666286468506,-0.007352333515882492,-2.4748597145080566,2.4748666286468506,-0.007352333515882492,-2.4748597145080566,1,0.0627477690577507,-0.5,1,0.0627477690577507,-0.5,1058552,1058552,1058552,1058552.0,1058552,0,178.30181884765625,54.06354761123657,58.16796875,0.32677187565972937,1584.652106700944,668.0027720429935,1058552,0,712,635.5535888671875,598,0,0.3616071343421936,2048,1727.2857666015625,654,0.3616071343421936,2048,1727.2857666015625,654,6.076788805218068e-06,0.4532305964301538,0.011144237207004686,0.0431539941797368,0.006432596943341196,350.7207130519673,331.0346984863281,331.0346984863281,331.0346984863281,0,12.306325683020987,11.796754583949223,247.4819859029958,,2.5950954295694828e-05,668.0027720429935,3.177591133862734e-05,,45.68074684694875,1,217,
218,84457.734961485,1784672400.6036756,0.3110879361629486,0.33273428678512573,0.001,0.0001282789769679859,4.74835886214442e-07,0,0,0.0002008569413099357,0,2.4748666286468506,-0.011276652105152607,-2.4748597145080566,2.4748666286468506,-0.011276652105152607,-2.4748597145080566,1,0.03507589176297188,-0.5,1,0.03507589176297188,-0.5,1067125,1067125,1067125,1067125.0,1067125,0,179.236572265625,54.06354761123657,58.16796875,0.3271181792791397,1597.5191050847466,667.9888813870493,1067125,0,689,635.1785888671875,600,0,0.4084821343421936,2048,1746.796875,388,0.4084821343421936,2048,1746.796875,388,6.057356934895403e-06,0.4621133149833997,0.01114330022728152,0.0431479444835085,0.006463957019150257,361.6337063399842,341.9097900390625,341.9097900390625,341.9097900390625,0,12.443695402005687,11.891294255037792,235.95941786491312,,2.876704093068838e-05,667.9888813870493,2.985598985105753e-05,,46.044250256964006,1,218,
219,85125.667813597,1784673078.028467,0.29768919944763184,0.3584875166416168,0.001,0.0001432034051893944,4.770240700218818e-07,0,0,0.00010336139619502487,0,2.4748666286468506,-0.005456038285046816,-2.4748597145080566,2.4748666286468506,-0.005456038285046816,-2.4748597145080566,1,0.06586160510778427,-0.5,1,0.06586160510778427,-0.5,1049173,1049173,1049173,1049173.0,1049173,0,179.1519775390625,54.06354761123657,58.16796875,0.32807209744066773,1548.7944363686508,677.4126865150174,1049173,0,696,636.3392944335938,597,0,0.34375,2048,1705.564697265625,684,0.34375,2048,1705.564697265625,684,6.204403838736018e-06,0.4530395680486421,0.011167788918511409,0.04294723964495973,0.0065094929886981845,346.1643626689911,326.4693908691406,326.4693908691406,326.4693908691406,0,12.257997915963642,11.716942603001371,262.19706791697536,,2.7903937734663486e-05,677.4126865150174,2.9152026399970055e-05,,45.059084260021336,1,219,
220,85790.520618404,1784673745.9614508,0.31301626563072205,0.29792502522468567,0.001,0.00013568364953912073,4.792122538293216e-07,0,0,0.00027816419739737076,0,2.4748666286468506,-0.017523201182484627,-1.3484405279159546,2.4748666286468506,-0.017523201182484627,-1.3484405279159546,1,0.03305356949567795,-0.5,1,0.03305356949567795,-0.5,1072682,1072682,1072682,1072682.0,1072682,0,177.6038818359375,54.06354761123657,58.16796875,0.32946147203869897,1606.520269769001,667.7052385739516,1072682,0,693,631.9821166992188,593,0,0.4084821343421936,2048,1762.3973388671875,708,0.4084821343421936,2048,1762.3973388671875,708,6.363939122734554e-06,0.4520273765227467,0.011135559354934406,0.04285731370527001,0.006826482946053147,356.9000232430408,337.18023681640625,337.18023681640625,337.18023681640625,0,12.484107058029622,11.944914079969749,240.38206097390503,,0.00013500801287591457,667.7052385739516,3.209605347365141e-05,,45.97226897999644,2,220,
